response_id,split,label,probe,p_input_contradict,p_self_contradict,p_fact_contradict,nli_contradiction
663126aa5c4bf035,train,1,0.9999972581863403,1.2751880262840132e-07,0.9890129566192627,2.7535692424862646e-05,0.9954698085784912
5a7aa8f010e35016,train,1,0.9997326731681824,2.1444948288262822e-05,7.33823810605827e-07,0.029312124475836754,0.7839195132255554
f8a026fc331e9132,train,1,1.0,0.00033535013790242374,0.01098694372922182,2.2603198885917664e-06,0.9972463846206665
eccb5a6441ee371b,train,0,0.0004587993898894638,8.76423058571163e-08,7.1942154455939544e-09,0.00020342697098385543,0.4968271851539612
f403aa45bb4f68b0,train,0,0.0005123438313603401,0.0052201650105416775,1.8553980396518455e-07,0.004070138093084097,0.0231346283107996
d5a15b320ffa670d,train,1,0.9996562004089355,5.714993562833115e-07,4.363470473833786e-09,1.47389246194507e-05,0.9874922037124634
320d250efe008073,train,0,0.0005962259019725025,3.535625000949949e-05,7.889262633398175e-06,0.02931223064661026,0.8634929060935974
893a381af7f07922,train,0,5.953941581537947e-06,1.6701422282494605e-05,8.592231925952376e-10,0.010986901819705963,0.0009892567759379745
3022d0016bb76b94,train,0,0.0001150301904999651,0.0052201454527676105,1.760343138812459e-06,0.014063626527786255,0.016823772341012955
baaafdc62b01daa9,train,1,0.999725878238678,7.889262633398175e-06,1.4449828711349255e-07,1.012999018712435e-05,0.31265076994895935
33544da5645ab3a7,train,0,1.1199656455573859e-06,0.010986901819705963,0.22269947826862335,0.14804671704769135,0.9923001527786255
42478553f52f833f,train,1,0.9998157620429993,1.8553875236193562e-07,0.01798621006309986,0.0015011822106316686,0.17922347784042358
27c0d77e0d6b44af,train,1,0.9999880790710449,2.1444948288262822e-05,0.11920253187417984,0.0011695101857185364,0.9981632828712463
8ab3a20433fbb59e,train,0,1.148242922965892e-08,3.7266393064783188e-06,2.699588037557987e-07,9.610241977497935e-05,0.20239636301994324
c87a932d08bae8a2,train,0,0.0006552040576934814,3.72663225789438e-06,8.152067465516666e-09,0.0040701222606003284,0.4494003653526306
1ff441527fbb9534,train,1,0.9999997615814209,7.48462334740907e-05,8.315296327054966e-07,5.829126530443318e-05,0.96986323595047
878076b88987b421,train,1,0.9999995231628418,4.94445018262013e-09,3.224186784223093e-08,1.0467402056235642e-08,0.9615576863288879
569a387e882329b8,train,0,2.37843778450042e-06,0.0005527806933969259,7.734450946372817e-08,1.994744707189966e-06,0.39135292172431946
c2a88139aa68b06c,train,1,1.0,1.8189616479702408e-09,3.535625000949949e-05,1.012999018712435e-05,0.9743304252624512
62463683bd90202c,train,1,0.9999768733978271,2.6995778057425923e-07,3.2887678571569268e-06,0.0015011822106316686,0.01761518232524395
5d5aecbd865445d6,train,1,0.9997535347938538,5.829126530443318e-05,4.363470473833786e-09,0.008577518165111542,0.010553382337093353
ba89a4605ed21b09,train,0,4.43798608973367e-10,0.0009110512328334153,1.5230037675451058e-08,9.931211764069303e-08,0.7769061923027039
9faa59e6e7cdf033,train,1,0.9996017813682556,1.4449773289015866e-07,0.00012339504610281438,0.0019267346942797303,0.7948983907699585
a0e05ed504b13973,train,0,0.0011117147514596581,2.9023065053479513e-06,3.059033701902081e-07,0.0024726325646042824,0.9947929978370667
84772a17f9834309,train,0,1.7403208403266035e-06,0.01098694372922182,0.22270014882087708,0.00015843621804378927,0.7291961908340454
eeeb5da124e3cec6,train,1,0.9998939037322998,0.0007096704212017357,1.0467442024264528e-08,0.004070138093084097,0.9728374481201172
cf3237ea8be11e6c,train,1,0.9999289512634277,3.4663199244278076e-07,1.3709624226976302e-06,1.5534949397988385e-06,0.9381945729255676
176ddc84328eb0ee,train,1,0.9999880790710449,2.1444948288262822e-05,6.348812142675797e-09,3.535625000949949e-05,0.9981951117515564
fed782ad7d8d22d7,train,1,0.99968421459198,1.2751904421293148e-07,8.1520825645498e-09,0.04742587357759476,0.18086794018745422
2e1715da175a1431,train,1,0.9999148845672607,0.00012339458044152707,3.535638461471535e-05,0.01798621006309986,0.8677440881729126
c691b1145861a074,train,0,4.664502921514213e-05,7.484651723643765e-05,1.760346435730753e-06,0.0002611883101053536,0.011536157689988613
8b36c188ed1c124b,train,1,1.0,2.1444948288262822e-05,0.04742569848895073,0.0007096704212017357,0.9929995536804199
ac0418cd83a6d61f,train,0,0.00039960508001968265,0.01098694372922182,8.315296327054966e-07,9.610241977497935e-05,0.017493054270744324
9795a706e7ed801f,train,1,0.9999470710754395,1.0130030204891227e-05,1.3440486945626162e-08,0.09534913301467896,0.4105454385280609
689b95c3f8338f55,train,1,1.0,0.0007096704212017357,1.1861120086109622e-08,3.4663329984141455e-07,0.00519073149189353
930439b7d7dc0203,train,1,0.9999998807907104,9.422445828022319e-07,1.4449855711973214e-07,0.008577452972531319,0.9861215949058533
c4aa7f7a9d6ea2ba,train,1,0.9999982118606567,6.962256520637311e-06,6.144174221844878e-06,5.715015163332282e-07,0.9719619750976562
c2e499c3c9946693,train,0,8.17964337329613e-06,0.11920291930437088,7.889262633398175e-06,0.00012339411478023976,0.9908327460289001
57e3bf17967ca0ee,train,1,0.999509334564209,0.0001584356214152649,0.07585790753364563,0.00012339411478023976,0.9812829494476318
f1f29808f5511033,train,1,0.9999091625213623,7.48462334740907e-05,1.2098680599592626e-06,0.060086436569690704,0.05373853072524071
8e06ff101ffc57a1,train,0,0.0005145758623257279,1.4449801710725296e-07,1.2751978317737667e-07,1.3007128472963814e-05,0.09963073581457138
86e720873cba38f7,train,0,0.00020920477982144803,1.6701422282494605e-05,6.825629128570654e-08,0.09534913301467896,0.11704402416944504
6b1029d7519261e3,train,1,0.9999865293502808,0.004070138093084097,1.6701422282494605e-05,0.11920291930437088,0.9780087471008301
0115891446a8f1c3,train,1,0.9995842576026917,4.2228252823406365e-06,1.6701422282494605e-05,4.1399456307544824e-08,0.9919499158859253
550f638b4cb8fc2d,train,0,0.0005265342770144343,0.0024726232513785362,5.602817765293366e-09,0.0015011822106316686,0.0027659654151648283
893cd1da303da4cc,train,1,0.9990523457527161,2.9023121896898374e-06,2.6995778057425923e-07,0.000552778597921133,0.9916180968284607
c679aa9342024240,train,1,0.9993129968643188,6.144174221844878e-06,1.6373769540223293e-07,6.144174221844878e-06,0.010081954300403595
576fed3d88436318,train,1,0.9990587830543518,0.00012339458044152707,1.5230037675451058e-08,0.0009110547252930701,0.08199858665466309
e19b26e1b5077bb7,train,0,2.030114956141915e-06,0.04742587357759476,2.7535692424862646e-05,0.0031726707238703966,0.743323564529419
a77b530d20d7ba6c,train,0,3.920344937569098e-09,3.7266534036461962e-06,3.6535034553253354e-08,3.2887678571569268e-06,0.7804376482963562
160a1fa64121f038,train,1,0.9999983310699463,3.535625000949949e-05,2.7535692424862646e-05,0.0007096704212017357,0.9969906806945801
69dae44ef853e69f,train,1,0.9997045397758484,8.76423058571163e-08,0.0009110512328334153,3.4663329984141455e-07,0.9713345170021057
a351b83fdb8493ce,train,1,0.9999213218688965,0.18242496252059937,0.8807966709136963,0.00012339458044152707,0.9218782186508179
70f98f9734d31b4b,train,1,0.9998481273651123,0.0031726830638945103,0.952573835849762,0.03732675313949585,0.9681812524795532
83abf6f0f906a2d9,train,0,6.62839665892534e-05,1.7603398418941651e-06,0.9996646642684937,0.037326883524656296,0.022951370105147362
d7f41bad06916801,train,1,0.998576283454895,0.005220125894993544,6.475960390162072e-07,0.0009110512328334153,0.9985969662666321
f7759665b11ba1c7,train,0,2.0714092897833325e-05,8.315264494740404e-07,5.8291487221140414e-05,3.535625000949949e-05,0.028886545449495316
5ca29154d8f294c0,train,1,1.0,3.535625000949949e-05,8.764315140297185e-08,0.014063626527786255,0.9922175407409668
945f434d320819ca,train,1,0.9997182488441467,0.562176525592804,7.48462334740907e-05,0.00012339458044152707,0.003262524027377367
4d48b658c091a1db,train,0,8.343244553543627e-05,0.005220125894993544,0.005220125894993544,0.004070138093084097,0.3040909469127655
1874e6761f838cab,train,1,0.9999995231628418,0.6791770458221436,0.9999417066574097,0.3775406777858734,0.9957084655761719
fe9073f42d024739,train,1,0.9999966621398926,0.7310578227043152,0.000552778597921133,0.0007096704212017357,0.3687985837459564
358116b9619a93f8,train,0,0.0014527356252074242,2.56127759712399e-06,0.7310578227043152,0.11920291930437088,0.01679862104356289
ebd91cc7bc23a62b,train,0,0.0005352693260647357,0.04742569848895073,9.610241977497935e-05,0.0024726232513785362,0.00324460631236434
88cb76100be8f970,train,1,0.9999991655349731,7.48462334740907e-05,0.0007096704212017357,0.00026119028916582465,0.991213858127594
4f705ca90d3b1bb1,train,1,1.0,7.48462334740907e-05,0.6224575638771057,0.004070138093084097,0.9972745776176453
705f5a124cbd96dd,train,1,0.9999998807907104,8.315264494740404e-07,0.998498797416687,6.962256520637311e-06,0.9979667663574219
2de804bc3b996536,train,0,0.0003481359744910151,0.11920253187417984,1.300717758567771e-05,0.004070138093084097,0.17815470695495605
7b29cce0ccc1e5c8,train,1,0.999813973903656,0.0004305570910219103,4.1399456307544824e-08,0.0031726830638945103,0.22570659220218658
02c0d8385c54ee64,train,0,1.2549655366456136e-05,2.699572689834895e-07,1.3709677659790032e-06,6.144174221844878e-06,0.4287452697753906
a394816f17359ef5,train,0,0.0003638420021161437,3.9278620533877984e-07,1.637383206798404e-07,0.18242496252059937,0.3931809365749359
26e3f148d7d2ac0f,train,1,1.0,2.1024332852448424e-07,0.0040701222606003284,5.715004363082699e-07,0.7008857131004333
781aa3b9fea07019,train,0,0.00011381797958165407,0.07585790753364563,1.012999018712435e-05,0.9046502113342285,0.4825088679790497
d4f5ab28a5fa8a96,train,0,8.972451155386807e-07,0.004070138093084097,5.8291487221140414e-05,0.01098694372922182,0.06736448407173157
da534c1a2a8cd7a6,train,1,1.0,2.9023121896898374e-06,7.484651723643765e-05,3.7266393064783188e-06,0.9948906898498535
f1809d055746e5e0,train,1,0.9996867179870605,9.931211764069303e-08,2.1444948288262822e-05,1.209863398798916e-06,0.051297035068273544
cb808d26d311ffd7,train,0,0.000766287324950099,0.07585817575454712,0.00015843621804378927,0.004070138093084097,0.89469975233078
591b4b451035e1a4,train,0,0.001480834442190826,0.00020342697098385543,0.9998766183853149,0.3775406777858734,0.6108930706977844
102e53eed2051705,train,0,0.0006559491739608347,0.00020342851348686963,4.450858739346586e-07,0.04742587357759476,0.0017915487987920642
343d3f5f35092dfd,train,0,0.00046218594070523977,0.7772998809814453,1.3007128472963814e-05,0.0009110512328334153,0.7159343957901001
2205fdb52d06ada9,train,1,0.9996854066848755,2.7535692424862646e-05,6.348836123493129e-09,0.06008664518594742,0.12518826127052307
f899a20c7554a7c4,train,1,0.9999918937683105,1.5229980832032197e-08,5.715004363082699e-07,9.931211764069303e-08,0.00418784748762846
58e5fc97b2773353,train,0,2.4810847820688764e-10,4.7850949158601e-06,9.931230948723169e-08,0.00026119028916582465,0.9368664026260376
ff9a10ac754d1299,train,0,0.0002474179782439023,0.01798621006309986,3.535625000949949e-05,0.004070138093084097,0.01147034578025341
2292a8aad00472db,train,1,0.9998332262039185,0.005220125894993544,1.7603531432541786e-06,0.060086436569690704,0.6300370097160339
3b1cc53b4bc16eb0,train,1,0.9998302459716797,0.0015011822106316686,1.3440486945626162e-08,0.07585817575454712,0.9959035515785217
7cf923876c389b28,train,0,0.00022057458409108222,0.11920253187417984,1.4449855711973214e-07,0.0024726232513785362,0.031707752496004105
eab9e617ac9e1a54,train,0,0.0003468105860520154,0.00026119028916582465,2.1024372642841627e-07,0.03732675313949585,0.5689967274665833
dff92398fc9f1ca8,train,0,5.67637434869539e-05,2.1444948288262822e-05,5.829126530443318e-05,0.0011695101857185364,0.00857110507786274
21021f73908635f6,train,1,0.9997163414955139,4.539786823443137e-05,0.9975274205207825,0.22270014882087708,0.9761419892311096
4d816f3eab253440,train,1,1.0,1.760343138812459e-06,0.01798614300787449,8.764247638737288e-08,0.9940592050552368
9865754415b5ee92,train,1,1.0,2.1444948288262822e-05,0.499999076128006,0.07585817575454712,0.760679304599762
8daa87f0868255e4,train,1,0.9997050166130066,9.931193289958173e-08,4.691164434689199e-08,2.5109942569656596e-08,0.8904827237129211
0f956550e1af04a1,train,0,4.309155201553949e-07,5.829126530443318e-05,0.037326883524656296,0.02297728694975376,0.8621557950973511
fe49898943994bf7,train,0,0.0005267481319606304,0.0011695101857185364,3.9278694430322503e-07,6.475960390162072e-07,0.22348803281784058
bb265aac132cc7d8,train,0,0.00013035845768172294,3.7266393064783188e-06,3.224199218720969e-08,1.760346435730753e-06,0.023131413385272026
cb33c1a32c453a17,train,1,1.0,1.9555718822061863e-08,0.7310578227043152,7.48462334740907e-05,0.9995031356811523
cc835a8b692078c6,train,1,0.9999691247940063,3.535625000949949e-05,2.2603328488912666e-06,0.04742587357759476,0.9874075651168823
2a7ba09ffb16ab7f,train,1,1.0,4.139929643542928e-08,2.3823690753488336e-07,1.7257828943684217e-08,0.9640398025512695
2a122623d77f6dd3,train,0,0.00011901053949259222,0.22270014882087708,0.00012339504610281438,0.7310578227043152,0.9187549948692322
bf8f1721d30bcc99,train,1,0.9998871088027954,0.0004305570910219103,3.8507641519913705e-09,2.753558692347724e-05,0.1078680157661438
28b91dab2940da8f,train,0,3.0520635618813685e-07,0.000552778597921133,2.102441243323483e-07,0.0004305570910219103,0.03623468428850174
0f0e7f5359292aa7,train,0,1.5072509086166974e-05,0.07585790753364563,4.363478911528773e-09,0.004070138093084097,0.009351136162877083
134640ead2a52b1c,train,0,0.0003203101805411279,0.0024726232513785362,1.300717758567771e-05,0.0011695101857185364,0.003664333140477538
901c3379aef8c33d,train,0,0.00020695693092420697,0.0019267346942797303,1.2751928579746163e-07,0.04742587357759476,0.007973910309374332
e8093116272024d4,train,0,5.693679122487083e-05,0.22270014882087708,0.00026119028916582465,0.014063573442399502,0.2887825071811676
202c56e23652aee0,train,1,1.0,6.475935947491962e-07,4.7850949158601e-06,5.829126530443318e-05,0.11142364889383316
0a194d27f62e0e53,train,0,0.00034840841544792056,3.4663199244278076e-07,0.014063626527786255,0.004070138093084097,0.02851562201976776
13ad261d7a8124ef,train,1,0.9996520280838013,0.0019267346942797303,3.7266534036461962e-06,0.008577484637498856,0.3931284546852112
ef6a228b4d9a17e7,train,1,0.9999428987503052,4.139937814784389e-08,4.785113105754135e-06,1.670148594712373e-05,0.06078976020216942
1bf2e1031d1e552d,train,1,0.9991956353187561,0.0019267346942797303,0.0019267346942797303,0.037326883524656296,0.9902867078781128
44eadc9b7074f885,train,1,1.0,2.8453294831365383e-08,9.931249422834298e-08,0.014063573442399502,0.005870211869478226
e9d616a4f913e41e,train,1,0.9999442100524902,2.69958292165029e-07,3.535625000949949e-05,0.9706876873970032,0.8474810123443604
63e00eecc30e7955,train,0,0.0003330167382955551,8.315280410897685e-07,3.0590277333431004e-07,0.26894068717956543,0.003402815433219075
a4c6af9841324eb6,train,1,0.9999657869338989,5.829126530443318e-05,1.186118758766952e-08,0.006692850962281227,0.011086191982030869
284445bf5fc2438a,train,1,0.9999995231628418,2.1024332852448424e-07,3.8507641519913705e-09,0.022977370768785477,0.01852571591734886
1cf0de3ae270f076,train,0,9.179190237773582e-05,8.764247638737288e-08,0.0007096704212017357,0.5621736645698547,0.9728443026542664
9af5fd4195ef6fbb,train,0,0.0002665030478965491,1.5229980832032197e-08,3.059039386243967e-07,0.00026119028916582465,0.05529337748885155
880d7afcc206f722,train,1,0.9989544153213501,0.0015011822106316686,7.484651723643765e-05,0.0024726232513785362,0.24844899773597717
1c86b72d87d8a970,train,1,0.9999405145645142,8.939696272136644e-06,1.994733338506194e-06,0.00012339458044152707,0.004944576416164637
0bb96316f115f93a,train,1,1.0,0.07585817575454712,0.18242496252059937,0.0019267346942797303,0.9830175638198853
6fef8aa658bdac5a,train,0,0.0002968113112729043,0.022977370768785477,8.15214473703918e-09,0.00033535013790242374,0.011029391549527645
d35d08d195ad1275,train,0,0.0010999166406691074,0.6224575638771057,2.9023121896898374e-06,0.0007096704212017357,0.3007504343986511
bcb6af7f55f6f198,train,1,0.9999423027038574,1.9555681518568235e-08,1.2098656725356705e-06,1.2098656725356705e-06,0.4865787625312805
1a731fe77f2111b1,train,1,0.9997156262397766,0.005220125894993544,1.300717758567771e-05,0.02931223064661026,0.34994855523109436
d1ce3a094d27d619,train,0,5.689017035237498e-10,0.9399133324623108,4.691182198257593e-08,0.00026119130779989064,0.569901168346405
880642daa2c0e3db,train,1,0.9999723434448242,0.006692825350910425,0.00012339504610281438,3.535625000949949e-05,0.770936131477356
f981335066dc7e75,train,0,5.3576819425416033e-08,9.610279084881768e-05,3.059039386243967e-07,0.02931223064661026,0.002667358610779047
824018f219fc7967,train,0,5.102083378005773e-05,0.0019267346942797303,2.144503014278598e-05,0.0015011822106316686,0.9904362559318542
1d5cc50e23ba934b,train,0,0.0010985065018758178,1.6701422282494605e-05,4.944459952582747e-09,0.01798621006309986,0.0014129808405414224
add9ad8a04d203d8,train,1,1.0,0.9626729488372803,2.3823737649308896e-07,0.43782350420951843,0.9970284104347229
043d564878ec1d9f,train,1,0.9999712705612183,3.224186784223093e-08,0.0004305587208364159,0.562176525592804,0.11966001242399216
e9af38f8ae9e420c,train,1,0.9999909400939941,1.3007128472963814e-05,1.2751928579746163e-07,0.0019267346942797303,0.9736724495887756
58c5bcae18d01f64,train,0,0.00028185881092213094,4.7850949158601e-06,1.7603498463358846e-06,0.3208213150501251,0.9883643388748169
03d840ac678dd5e0,train,0,0.00023172309738583863,0.01798614300787449,0.0004305570910219103,0.22269947826862335,0.9975566864013672
22affe149658ab85,train,1,0.9996410608291626,0.00020342697098385543,1.1253580112224881e-07,0.005220125894993544,0.11116509884595871
73b76829fc2a532e,train,1,0.9999995231628418,7.889262633398175e-06,0.0011695101857185364,0.0024726232513785362,0.7771769762039185
90116e9ae833d548,train,0,8.214171975851059e-05,0.14804671704769135,0.00012339504610281438,0.0007096704212017357,0.03615986928343773
79fb996e0ca5fce4,train,0,0.00075294089037925,9.610315464669839e-05,2.699588037557987e-07,0.004070138093084097,0.03629516810178757
383b469d87257d3a,train,1,1.0,5.043464739173942e-07,6.962269708310487e-06,0.060086436569690704,0.9944019913673401
3bf5a8fc53300d53,train,0,8.291746053146198e-05,5.714993562833115e-07,3.6535034553253354e-08,7.48462334740907e-05,0.8576905131340027
ac65ccc21b5676cd,train,1,0.9999998807907104,8.764247638737288e-08,0.00033535013790242374,0.0009110477985814214,0.7163509130477905
25722326dce3fb5a,train,1,0.9999152421951294,5.043474402555148e-07,7.338210252783028e-07,3.535631549311802e-05,0.11946738511323929
d13fb09581d9f57e,train,0,0.00027293182210996747,2.8453403189132587e-08,1.670148594712373e-05,0.006692825350910425,0.00402416754513979
ae24c6f767d47744,train,0,1.3856636726927718e-08,7.889293556218036e-06,5.602828423434403e-09,0.0004305587208364159,0.3750200569629669
0fb81580cc8a18f9,train,1,0.9988652467727661,0.0031726830638945103,3.059039386243967e-07,0.04742587357759476,0.9981223940849304
829c2a5a20bd1446,train,1,0.9994705319404602,0.037326883524656296,0.14804671704769135,7.889262633398175e-06,0.14270876348018646
12bba72e09cb96b7,train,0,6.5438171374665455e-12,0.9399130940437317,0.00015843682922422886,6.144174221844878e-06,0.9682478308677673
c7c02dce06bae504,train,1,1.0,3.224199218720969e-08,1.0130030204891227e-05,2.6995778057425923e-07,0.9969243407249451
e849b4a79e5db641,train,1,0.9996495246887207,2.561287374192034e-06,6.825641918339898e-08,0.004070138093084097,0.03213737532496452
77f0d7811280d3f4,train,0,8.250109385699034e-05,0.9968273043632507,0.07585817575454712,0.3775406777858734,0.0029814387671649456
5bf766e0345d89a3,train,0,0.00015601626364514232,0.03732675313949585,1.670148594712373e-05,0.014063626527786255,0.04143206402659416
9f161e3e33cb8229,train,1,1.0,0.022977370768785477,0.777299165725708,0.02931223064661026,0.7881993055343628
6a88be0cb5bd094d,train,0,0.0001841067714849487,0.005220105871558189,1.0130030204891227e-05,0.005220125894993544,0.8714816570281982
0fb1d5e831fc9e2b,train,1,1.0,9.23744991609965e-09,2.7535692424862646e-05,3.6534821390432626e-08,0.6641466617584229
ce774a518f58c014,train,0,7.65274580771802e-06,0.9626728296279907,0.9994471669197083,0.777299165725708,0.02851768210530281
53667821252b8011,train,1,1.0,3.4663199244278076e-07,1.3007128472963814e-05,1.2098680599592626e-06,0.997031569480896
1ce83af2b149c56e,train,0,6.172700068418635e-06,0.00015843621804378927,5.829126530443318e-05,0.00026119028916582465,0.005591586232185364
fb3eb6ff256f280f,train,0,0.000836144492495805,4.785076725966064e-06,1.3709545783058275e-06,0.0031726830638945103,0.030906101688742638
31959594d0d102bd,train,0,9.792714081413578e-06,8.76423058571163e-08,3.3982938685284125e-09,2.561287374192034e-06,0.752797544002533
aa0691e335611c94,train,0,1.0365461093897466e-06,0.0007096704212017357,1.0467481992293415e-08,0.005220125894993544,0.7750265002250671
046a049d01b0c343,train,1,1.0,1.5229980832032197e-08,0.00020342697098385543,6.82561633880141e-08,0.7890347838401794
7fa98081420e671d,train,0,0.0005235074204392731,4.7851040108071174e-06,6.348812142675797e-09,0.0004305570910219103,0.9501681327819824
70c57d3c990bd326,train,1,0.999288022518158,0.9241412878036499,0.22269880771636963,0.6224583983421326,0.9990009665489197
e02d72d6bff2984c,train,1,0.9999568462371826,1.7603398418941651e-06,2.144503014278598e-05,0.00033535013790242374,0.0380302369594574
363fcec6f1a32e1c,train,0,0.0005658061127178371,1.0130030204891227e-05,2.2603328488912666e-06,0.00026119028916582465,0.001528421533294022
9bdbe4933e561fce,train,1,0.999433696269989,0.0007096704212017357,9.422481639376201e-07,0.00033534885733388364,0.00704561360180378
8b59f9f90ff104e9,train,0,0.00014933689089957625,0.9890129566192627,4.139961262694669e-08,0.07585817575454712,0.27033519744873047
75fb9874752beaf2,train,1,0.9999918937683105,0.000552778597921133,0.008577484637498856,0.01798621006309986,0.9840317368507385
adb9a878d74cb484,train,0,7.327424100367352e-06,0.005220125894993544,2.9023342449363554e-06,0.060086216777563095,0.003458617255091667
ca239e0f2148dc14,train,0,0.0002501378767192364,0.0011695101857185364,0.0004305570910219103,4.539786823443137e-05,0.13663677871227264
b55a9915c2502ae1,train,0,3.5872355965693714e-06,1.3007128472963814e-05,3.059039386243967e-07,2.9023065053479513e-06,0.5014140009880066
02974ac30d739126,train,0,3.701870809891261e-05,2.1444866433739662e-05,1.5230096295226758e-08,8.939713552535977e-06,0.0009830488124862313
85cebac354c20aab,train,0,0.00017709466919768602,3.535638461471535e-05,4.944478604329561e-09,9.610241977497935e-05,0.0011424132389947772
f77a337db74c67b0,train,0,9.492873687122483e-08,1.012999018712435e-05,0.01798614300787449,0.008577484637498856,0.011050287634134293
3a986f32133cabd0,train,0,0.0005405324627645314,0.00015843621804378927,0.00026119130779989064,0.03732675313949585,0.8751159906387329
219c90e704a8b9ca,train,1,0.9999997615814209,1.1253516163378663e-07,0.0019267346942797303,0.022977370768785477,0.897006630897522
31c4baf8bc69af82,train,1,0.9997288584709167,1.3709545783058275e-06,7.33823810605827e-07,0.00033535013790242374,0.9917824268341064
59d24bf769056e06,train,0,4.154381940679741e-07,0.00020342697098385543,3.4663460724004835e-07,0.0031726707238703966,0.02505757287144661
9c7e33afb3f638fb,train,1,1.0,0.0015011822106316686,3.7266393064783188e-06,0.0019267346942797303,0.9955019354820251
8a92f3e07785931b,train,1,0.9999997615814209,7.338196041928313e-07,2.6995778057425923e-07,5.829126530443318e-05,0.15174029767513275
a7363f93bf232f97,train,0,4.181282056703317e-12,0.09534946084022522,4.36348734922376e-09,7.889293556218036e-06,0.9176034927368164
9111917797da4c35,train,1,1.0,1.1253516163378663e-07,0.499999076128006,1.5535007378275623e-06,0.9861104488372803
68103e643194f594,train,1,0.999954342842102,0.00033535013790242374,0.02297728694975376,0.00020342697098385543,0.8191867470741272
d6e3b8dd5f9af019,train,1,0.9996114373207092,0.001169505761936307,8.315296327054966e-07,1.1253537479660736e-07,0.9703968167304993
954df3c3575cf0f1,train,1,1.0,2.3823690753488336e-07,0.14804671704769135,3.7266393064783188e-06,0.9913761019706726
5faac864eb34df77,train,0,1.028577571560163e-05,3.535625000949949e-05,1.955575612555549e-08,6.023562093560031e-08,0.2971738874912262
180c6da45bdcd3f4,train,0,2.8313079880604164e-08,0.0031726830638945103,9.237502318626412e-09,3.4663395354073145e-07,0.6465843319892883
5398f489310a3e54,train,1,0.9999983310699463,9.610241977497935e-05,3.653510205481325e-08,5.829126530443318e-05,0.8884237408638
ac3cc7fa6658493d,train,0,2.6246996243095566e-10,0.0019267346942797303,2.699593437682779e-07,4.5398039219435304e-05,0.4892674684524536
43f6820e0d96d4d7,train,0,5.2594418775697704e-06,0.00033535269903950393,1.0130030204891227e-05,0.01098694372922182,0.3010483384132385
5ee0868c44885c51,train,1,0.9999558925628662,0.0019267346942797303,3.535625000949949e-05,2.9023121896898374e-06,0.4447038471698761
13b119940054d1d1,train,0,7.689902849961072e-05,9.610241977497935e-05,0.0007096704212017357,0.0007096704212017357,0.6058472394943237
6124b470087ac152,train,1,1.0,2.2603242086915998e-06,0.6224583983421326,0.02931223064661026,0.9983314871788025
e604715ae17be8e0,train,1,0.9998237490653992,0.00015843621804378927,3.7266534036461962e-06,0.00012339458044152707,0.00923225749284029
24f6338492d0769f,train,0,1.01926007118891e-05,0.0007096677436493337,1.1861165383209027e-08,0.00033534885733388364,0.004318731836974621
efab181be895decc,train,1,0.9999884366989136,1.9555644215074608e-08,2.9023121896898374e-06,6.023562093560031e-08,0.007442163769155741
ce36242d6f1ab3a2,train,1,0.999966025352478,0.0009110512328334153,4.944459952582747e-09,0.0009110512328334153,0.9980539083480835
f08d8d71673313df,train,1,0.9998792409896851,5.829126530443318e-05,1.9947297005273867e-06,3.6534821390432626e-08,0.9890329837799072
0f0e0220bf929e21,train,0,5.84946246817708e-05,1.2098656725356705e-06,3.3982872071902648e-09,4.7851040108071174e-06,0.0023891290184110403
b3ac3a8ea7c075c5,train,1,0.99924635887146,1.6701422282494605e-05,2.260328528791433e-06,3.535625000949949e-05,0.9697345495223999
4b72145dd1ab3011,train,1,0.999433696269989,8.315248578583123e-07,1.012999018712435e-05,0.00020342697098385543,0.01237630844116211
e40c26674f102352,train,1,1.0,0.00020342697098385543,0.18242496252059937,0.4378225803375244,0.9801611304283142
04a41a757aa20816,train,1,0.9999992847442627,2.5110038492925923e-08,4.7850949158601e-06,0.0009110512328334153,0.9968074560165405
34973cd8ead7fe26,train,0,5.9377380239311606e-05,0.00033535141847096384,1.955575612555549e-08,0.0004305570910219103,0.8389754891395569
6cd1b6a922250dd0,train,0,2.5072152491260445e-18,1.553503693685343e-06,5.602828423434403e-09,4.5398039219435304e-05,0.04213975369930267
f6fc9ab75c251681,train,1,0.9989708662033081,0.006692850962281227,1.955575612555549e-08,0.0031726707238703966,0.010533571243286133
2137d5613d9856a0,train,1,0.9999991655349731,8.315264494740404e-07,6.475985401266371e-07,7.484651723643765e-05,0.004060541745275259
3727d9f1144f9534,train,1,0.9991924166679382,0.00015843621804378927,3.398274328603179e-09,0.14804671704769135,0.0021489288192242384
832e237c42bc5000,train,1,0.999052107334137,0.09534946084022522,2.144503014278598e-05,0.037326883524656296,0.005511133465915918
f9ab6cba8b7ab6e0,train,0,2.1895448298892006e-05,0.00020342697098385543,6.144197413959773e-06,0.01798621006309986,0.8384097218513489
32e7b8173bffb274,train,1,1.0,0.0019267273601144552,0.5621755123138428,1.209863398798916e-06,0.08729172497987747
40565635a6420712,train,0,4.159518084634328e-06,0.006692850962281227,2.7535796107258648e-05,0.11920291930437088,0.01810484565794468
a3a9ae0f0b9c5390,train,0,0.00020743363711517304,0.0009110512328334153,0.0007096704212017357,2.7535692424862646e-05,0.24301718175411224
6fc35ad7e41efceb,train,1,0.9999573230743408,2.2603242086915998e-06,2.69958292165029e-07,2.902317646658048e-06,0.004980381578207016
b84eafb8991762a6,train,0,0.00017396743351127952,4.139929643542928e-08,2.1024452223628032e-07,0.04742569848895073,0.10650380700826645
3eee389e48078b74,train,0,8.441011090098982e-08,3.7266534036461962e-06,7.338223895203555e-07,1.6701422282494605e-05,0.019030699506402016
61b5171103eff1a5,train,0,3.6569479561876506e-05,4.139929643542928e-08,5.829126530443318e-05,0.00012339458044152707,0.24374857544898987
9ec3d292eced4421,train,0,4.175295998720685e-06,0.04742569848895073,4.5398039219435304e-05,0.022977370768785477,0.002525049028918147
b24acdad88b99034,train,0,0.0001487312256358564,0.0007096731569617987,7.734465157227532e-08,0.01798614300787449,0.012470320798456669
4337e7420be2f908,train,0,3.707701090593929e-10,4.539786823443137e-05,8.1520825645498e-09,1.012999018712435e-05,0.5616461634635925
f7af9cab0588af5c,train,0,3.8455159057093624e-09,0.000552778597921133,8.764298087271527e-08,1.300717758567771e-05,0.12040771543979645
6f75d3edd72e6425,train,0,1.1079971955041401e-05,0.00020342774223536253,2.7535796107258648e-05,0.014063626527786255,0.5280506014823914
41aca19a59a32c0e,train,0,0.00017147930338978767,0.0009110512328334153,3.4663460724004835e-07,0.22270014882087708,0.4411561191082001
455a513486936d90,train,0,5.527016583073419e-06,0.18242496252059937,7.194160822621143e-09,0.01798614300787449,0.0015430781058967113
5de19a6ecab7b1bd,train,0,0.0005881609977222979,0.01798614300787449,3.0590277333431004e-07,0.11920253187417984,0.9619210958480835
5b98da3bfa8507a7,train,1,0.9999998807907104,8.315264494740404e-07,6.475972895714222e-07,3.288748985141865e-06,0.9381423592567444
8d8d6e726911c82c,train,1,0.9996055960655212,4.539786823443137e-05,1.1032601499039174e-09,1.9947372038586764e-06,0.15760348737239838
e8f86ab4d729af1f,train,1,1.0,8.152005293027287e-09,4.5398039219435304e-05,5.829126530443318e-05,0.2528865933418274
1599f591d78209d5,train,0,1.6531387814211485e-08,1.125349484709659e-07,3.8507490529582356e-09,4.785113105754135e-06,0.005948182661086321
b10f2b123b2e999b,train,0,5.533007424673997e-06,0.0019267420284450054,1.1861142290570115e-08,0.037326883524656296,0.0024036674294620752
9673fbaa90bab5a5,train,0,4.983253529644571e-05,0.0004305570910219103,0.01798621006309986,1.012999018712435e-05,0.19561338424682617
d140d6e17ebdecd3,train,1,0.9994109869003296,0.005220125894993544,3.6535034553253354e-08,0.00033535013790242374,0.20701107382774353
7a0af9954cd7726f,train,1,0.9999129772186279,0.00020342697098385543,9.610279084881768e-05,6.144162398413755e-06,0.9962305426597595
71e59a7214fb6afc,train,0,0.00041056075133383274,0.00026119130779989064,4.944469278456154e-09,0.006692876573652029,0.5082768201828003
3d7cf2fb5fab028e,train,0,0.0004787310608662665,7.889262633398175e-06,7.734436024975366e-08,0.01098694372922182,0.9609551429748535
b6e6c116bd67c009,train,1,1.0,3.0590220490012143e-07,9.237520082194806e-09,0.00033535013790242374,0.9922710657119751
02548c7d27383c49,train,1,0.9997202754020691,0.0009110547252930701,6.144197413959773e-06,0.004070138093084097,0.018034353852272034
449d558b5474e23f,train,0,0.00020121337729506195,0.00015843621804378927,2.7535796107258648e-05,0.0019267346942797303,0.0019730152562260628
1c7dbcc7fc7177ae,train,1,0.9998533725738525,0.0011695101857185364,8.764331482780108e-08,4.5398039219435304e-05,0.20711247622966766
324ed1ec85e248cb,train,0,6.849566469568913e-10,0.0009110512328334153,1.344046207663041e-08,2.144511199730914e-05,0.007643389515578747
8f73f4b65bb8302a,train,0,0.00023132133355829865,1.6701422282494605e-05,2.2603242086915998e-06,0.0031726830638945103,0.523502767086029
7b98b66d034d1f23,train,1,0.9999994039535522,7.48462334740907e-05,0.01098694372922182,0.0011695101857185364,0.9960075616836548
65c0cb1c043c574c,train,1,0.999850869178772,1.4449801710725296e-07,0.03732675313949585,0.0009110512328334153,0.32462579011917114
895ebb28b7c71c9b,train,1,0.9996176958084106,0.0024726232513785362,2.69958292165029e-07,0.09534913301467896,0.2817644774913788
e7e8cf7e0645f13a,train,0,0.00016208598390221596,0.0019267420284450054,0.22269947826862335,0.04742587357759476,0.04693514481186867
2427ed223201666b,train,0,0.00025871486286632717,0.004070138093084097,0.00026119028916582465,0.006692850962281227,0.9848664402961731
decb84b8beea4089,train,0,1.26589548017364e-05,0.00012339504610281438,7.338265959333512e-07,0.0024726043920964003,0.4903504252433777
3e2c81f1d691bd17,train,0,0.00033871177583932877,0.0024726137053221464,9.237573372899988e-09,0.037326883524656296,0.334913969039917
e478691600e51a5e,train,1,0.9999988079071045,9.610204870114103e-05,3.0590277333431004e-07,0.0031726830638945103,0.006991377100348473
f671b898b6559f7d,train,0,0.0014784313971176744,7.734421103577915e-08,0.14804671704769135,0.09534946084022522,0.8850945234298706
87bad4cd018ab719,train,0,0.00035987040610052645,1.760343138812459e-06,0.00026119028916582465,0.01098694372922182,0.06898508965969086
02e119ad47f4582b,train,1,0.9994377493858337,0.9947798252105713,4.36348734922376e-09,1.0677008503989782e-06,0.9550963044166565
4a2d26d5792e9e08,train,1,0.9998416900634766,0.001169505761936307,3.6535034553253354e-08,0.004070138093084097,0.9970261454582214
7913756493a2c9be,train,1,0.9998327493667603,4.539786823443137e-05,1.0130030204891227e-05,0.0007096704212017357,0.035990189760923386
3556939af58c28a6,train,0,0.00015968656225595623,0.9994471669197083,1.0130030204891227e-05,0.11920291930437088,0.48525071144104004
dccef2974c8c7563,train,0,2.709110193122033e-11,0.3208204507827759,9.931249422834298e-08,1.670148594712373e-05,0.9951015114784241
75194671809ecaa1,train,0,0.00013566119014285505,3.224186784223093e-08,0.07585817575454712,3.535625000949949e-05,0.9873560070991516
1c6e436f7d04dab9,train,1,0.9998897314071655,0.00012339458044152707,1.0130030204891227e-05,0.00015843621804378927,0.2782095968723297
e52372985549963c,train,0,0.00039158386061899364,0.006692850962281227,0.0004305587208364159,0.02931223064661026,0.5271134376525879
17e593377f2dcc6e,train,1,1.0,0.0004305570910219103,0.499999076128006,0.02931223064661026,0.9991042017936707
90bdae9589dbf106,train,1,1.0,0.00015843621804378927,4.785113105754135e-06,0.006692850962281227,0.9425265789031982
81389283eae8336b,train,0,9.055778696365202e-12,0.00033535013790242374,3.224205258334223e-08,3.288748985141865e-06,0.4369518756866455
7d8e7d373b5fcca3,train,1,1.0,1.0677048294382985e-06,0.499999076128006,0.004070138093084097,0.9933940768241882
ba595251362305d6,train,1,0.9999998807907104,1.8925113181467168e-05,0.9820136427879333,0.2689414322376251,0.9988721013069153
55dfce5651fb38e0,train,1,0.9991706609725952,1.0677028967620572e-06,4.539786823443137e-05,0.004070138093084097,0.31386616826057434
37aa6bf5dda95b5d,train,1,0.9999995231628418,0.00033535013790242374,4.539786823443137e-05,0.0007096704212017357,0.9865065813064575
9deb62bb573a6208,train,1,1.0,4.94445018262013e-09,0.006692850962281227,8.315264494740404e-07,0.9864196181297302
9e47ee31453fb5b6,train,0,0.00040117057505995035,8.93967899173731e-06,3.9278771168937965e-07,0.0031726830638945103,0.7612289786338806
3c745546c1460cb6,train,0,4.2496544061521035e-09,0.0004305554321035743,2.69958292165029e-07,0.004070153459906578,0.9868385195732117
e71cbb57b3d28ce7,train,1,0.9998589754104614,1.1253516163378663e-07,2.9023231036262587e-06,0.18242496252059937,0.7825740575790405
c7e9ba4e7b055624,train,1,0.9992659687995911,0.00015843682922422886,7.194160822621143e-09,0.01798621006309986,0.0010269241174682975
ad6e90db0d093428,train,1,1.0,0.9525739550590515,0.5,1.5535007378275623e-06,0.9991160035133362
9755d8f0b4d44171,train,1,0.9995274543762207,2.7535692424862646e-05,1.3007128472963814e-05,8.315296327054966e-07,0.014963093213737011
d47dfeecec594c7d,train,0,5.732439589678506e-08,0.00026119028916582465,1.1861120086109622e-08,1.012999018712435e-05,0.5293101072311401
0d7b79481351061a,train,0,0.0010171710746362805,0.00026119028916582465,5.3157954482685454e-08,0.02931201457977295,0.007627028506249189
3b9299717c9f7768,train,0,2.1491032384801656e-05,0.06008664518594742,0.777299165725708,0.0024726232513785362,0.9963350296020508
54aa0c06bbc57631,train,1,0.9998606443405151,1.9555681518568235e-08,2.2603328488912666e-06,0.000552778597921133,0.7395234704017639
2dcae62192e15dac,train,1,1.0,0.00033535013790242374,0.005220105871558189,3.4663329984141455e-07,0.8684974908828735
88888768f5771555,train,0,2.3938981030369177e-05,0.0024726232513785362,0.03732675313949585,0.0031726707238703966,0.029524968937039375
c4107565c01dc644,train,1,1.0,3.726624981936766e-06,0.3208213150501251,2.1444948288262822e-05,0.9942377805709839
cfb6109881049f38,train,0,3.89649354448629e-11,0.0009110512328334153,3.224205258334223e-08,7.484651723643765e-05,0.22147059440612793
f00dc0d467be2b0d,train,0,3.1850231607677415e-05,0.02297728694975376,0.9947798252105713,0.18242551386356354,0.9741359353065491
5aeb57264d0d0175,train,0,0.0001472015428589657,0.00015843621804378927,6.023596199611347e-08,0.006692850962281227,0.536902129650116
2a49c8a577c3aef7,train,0,2.4849327928677667e-08,3.535625000949949e-05,1.8553980396518455e-07,1.6701422282494605e-05,0.07093332707881927
d67bf257a2c07214,train,1,0.9997972846031189,1.7257828943684217e-08,1.5535007378275623e-06,0.022977370768785477,0.001904472359456122
9d0ea6dfbd25e4dd,train,0,0.0004832791455555707,0.005220105871558189,0.006692850962281227,0.4999980926513672,0.9536515474319458
ff59782b0315d922,train,0,6.749253952875733e-05,0.014063626527786255,6.02360756829512e-08,0.005220105871558189,0.37354809045791626
b459716afab5734a,train,0,0.00015690349391661584,3.535625000949949e-05,1.7257958617733493e-08,0.014063626527786255,0.0005515784141607583
50bfedb2bd1632f9,train,1,0.9998261332511902,3.9278620533877984e-07,0.00020342774223536253,0.02931201457977295,0.07885019481182098
282a477efa21562b,train,1,0.9995654225349426,0.0031726830638945103,0.9626729488372803,0.037326883524656296,0.1857781857252121
c1d3def40a108d3c,train,1,0.9994242191314697,6.825602838489431e-08,0.0015011822106316686,5.829126530443318e-05,0.034135427325963974
b1c7a0763bd195f0,train,0,0.00015885767061263323,0.01098694372922182,1.3709624226976302e-06,5.1442115363897756e-05,0.05623670667409897
1acae620a62e27fe,train,0,0.00011900236859219149,0.0004305570910219103,0.0007096704212017357,0.037326883524656296,0.48694300651550293
8d2815f632b5910a,train,1,0.9999171495437622,1.3007128472963814e-05,0.8175738453865051,1.3007128472963814e-05,0.9832304120063782
98abf1b2d14fce81,train,0,0.0006684082909487188,0.006692825350910425,4.7850949158601e-06,4.539786823443137e-05,0.0015870730858296156
e52d6e9648ff61c3,train,0,0.00023630901705473661,6.144174221844878e-06,4.36348734922376e-09,0.0015011822106316686,0.03152826055884361
2118bd132f9d3ebf,train,0,1.2848655387642793e-05,1.9947183318436146e-06,1.8189755257580487e-09,0.0009110512328334153,0.0002699787146411836
0fbe0b8a2f831279,train,0,0.0001439869374735281,0.09534913301467896,0.0024726232513785362,0.14804671704769135,0.006480418145656586
76c7ce036227f3e6,train,1,0.999901533126831,1.994725835174904e-06,1.3440486945626162e-08,0.0031726830638945103,0.03216596320271492
a673adfa99dcb825,train,0,1.700539769444731e-06,0.029312124475836754,4.7850949158601e-06,0.0007096704212017357,0.012553784064948559
e3fc3f2eb56da79b,train,1,0.9999444484710693,0.0015011822106316686,0.000552778597921133,0.03732675313949585,0.9994353652000427
369d39bc5fcb388f,train,1,0.9996848106384277,0.00020342697098385543,1.300717758567771e-05,5.829126530443318e-05,0.9143911600112915
cad6c5fa306d1031,train,1,0.9998152852058411,0.00012339458044152707,6.02360756829512e-08,0.01798621006309986,0.007478862069547176
575e7b51074f5d2f,train,1,0.9999997615814209,0.0040701222606003284,0.000552778597921133,0.8175727725028992,0.9980803728103638
8b33a59098d8e060,train,0,0.00039876089431345463,0.0007096758345142007,4.450858739346586e-07,0.037326883524656296,0.0329836942255497
9cc1d737baf972db,train,0,1.7997834902416798e-06,1.012999018712435e-05,1.1253537479660736e-07,7.889262633398175e-06,0.8924784064292908
a84c73f906acfe0e,train,1,1.0,1.994725835174904e-06,4.539786823443137e-05,1.300717758567771e-05,0.998815655708313
67f29b9b3da2fd32,train,0,3.14723038172815e-05,0.060086436569690704,3.535625000949949e-05,0.00012339504610281438,0.9657028913497925
4e055610aef4b505,train,0,0.00015472427185159177,8.315264494740404e-07,3.653496349897978e-08,1.3007128472963814e-05,0.057263366878032684
84c33f4ddf1a06df,train,0,1.194894405642799e-09,0.06008664518594742,2.215961636409247e-08,4.450858739346586e-07,0.1707639843225479
b767d2875f44e450,train,1,1.0,0.005220125894993544,0.09534913301467896,3.4663264614209766e-07,0.9971804618835449
78678877dcab860d,train,1,0.9995588660240173,0.014063626527786255,3.6534821390432626e-08,3.535625000949949e-05,0.9129823446273804
81a742d8631cd7e5,train,1,0.9999996423721313,6.144151029729983e-06,1.1861165383209027e-08,0.008577452972531319,0.16009975969791412
c1d329889b25712c,train,0,0.00023358550970442593,6.023562093560031e-08,4.785113105754135e-06,0.001501176506280899,0.18545663356781006
cb78ab54bc861f40,train,1,0.9996603727340698,0.004070138093084097,2.33561081586231e-09,0.02931223064661026,0.9968012571334839
c8c2aab6a060c13d,train,1,1.0,8.315280410897685e-07,6.825602838489431e-08,3.6534821390432626e-08,0.21745295822620392
6455ef321d197e2e,train,0,0.0005882038967683911,2.2603242086915998e-06,0.006692850962281227,0.001169505761936307,0.7071049809455872
1fbeebdb57e9915d,train,1,0.999985933303833,2.7535692424862646e-05,2.9023231036262587e-06,0.01798621006309986,0.1061747595667839
466c1c484cf8f741,train,0,0.00019228745077271014,2.9023121896898374e-06,1.4449828711349255e-07,3.535638461471535e-05,0.14932554960250854
f64fa36e7708ec45,train,0,0.00018854938389267772,0.0004305570910219103,0.9947798252105713,0.3775406777858734,0.856407642364502
6196d36dc87a4c8e,train,0,1.2217282346682623e-05,0.000911058159545064,1.7257926643310384e-08,0.0031726951710879803,0.23539912700653076
057528fa22ad12ea,train,0,4.591759989125421e-06,0.000552778597921133,4.7850949158601e-06,7.48462334740907e-05,0.0012382842833176255
7de5523b2e1f4778,train,0,0.0001027649559546262,0.0011695101857185364,9.610279084881768e-05,0.0011695147259160876,0.012746541760861874
0e69eaab4c0aabc3,train,0,0.00016166338173206896,0.00015843621804378927,7.889293556218036e-06,0.0031726830638945103,0.002803568495437503
5b358d25f8fb398e,train,0,0.00037350726779550314,4.5398039219435304e-05,2.7535796107258648e-05,0.00012339411478023976,0.004304799251258373
49b4ea9cbdf0ffb6,train,0,2.4591101919213543e-06,0.00033535013790242374,1.3440486945626162e-08,1.0677028967620572e-06,0.9898089170455933
2ea54e56e8d47742,train,0,8.262264600489289e-05,2.2603242086915998e-06,0.8519518971443176,0.0004305554321035743,0.03262726590037346
8eb48184f1c92d1a,train,0,0.00037495893775485456,0.01798621006309986,3.9278845065382484e-07,0.001169505761936307,0.01670476421713829
f4bd26ce2829172d,train,1,1.0,5.829126530443318e-05,1.5534978956566192e-06,7.338196041928313e-07,0.993270218372345
3b03dfea8e349ab6,train,0,4.1651893739613755e-11,0.008577484637498856,1.7257926643310384e-08,1.9947372038586764e-06,0.09737391769886017
a8e29d802d636e42,train,0,1.8060666207020404e-07,3.8507343980143105e-09,2.69958292165029e-07,1.670148594712373e-05,0.01152814831584692
a5f4013ff2dae9fc,train,0,8.250665359810228e-07,2.1444948288262822e-05,2.1444948288262822e-05,0.014063626527786255,0.0014371734578162432
113b47b1436dcf77,train,0,1.770422564106866e-08,0.9241412878036499,1.9947372038586764e-06,0.00026119130779989064,0.9810413718223572
8aca311cf3bc02af,train,1,0.9999884366989136,0.00012339458044152707,5.829126530443318e-05,0.0004305570910219103,0.02189010940492153
00243ec33b261324,train,1,0.9990457892417908,0.0004305570910219103,1.3709650374948978e-06,0.008577484637498856,0.04645949602127075
0560b93979f856e7,train,1,0.9997698664665222,2.3823737649308896e-07,1.5230009253741628e-08,0.22270014882087708,0.1270970106124878
5d8bb4c2add4ae06,train,0,0.0001459907362004742,9.610241977497935e-05,2.3823783124043985e-07,0.0024726137053221464,0.4651893675327301
1549eaf5f9d3ae74,train,0,3.134088183287531e-05,0.0011695101857185364,6.348848113901795e-09,0.0009110512328334153,0.010266480967402458
f0f5048b8d0780cf,train,0,0.0003363104478921741,0.0004305587208364159,2.1444948288262822e-05,0.11920291930437088,0.05315333232283592
720e80cd306237e7,train,1,0.9997974038124084,1.5534978956566192e-06,1.4449855711973214e-07,1.2751904421293148e-07,0.9957579970359802
a35fe366d36b13d2,train,1,0.9999995231628418,0.0007096704212017357,1.2098726074327715e-06,0.00012339458044152707,0.9967201352119446
f26c0cf89bc44722,train,1,0.9999961853027344,2.1444948288262822e-05,0.00012339458044152707,0.00026119130779989064,0.9986553192138672
c3385ed6d997c79b,train,0,0.000245756033109501,2.699572689834895e-07,8.152051478305111e-09,0.03732675313949585,0.007923065684735775
8ea223270450aca3,train,1,0.9999876022338867,1.8553946290467138e-07,2.9023121896898374e-06,2.9023121896898374e-06,0.4895312786102295
5c2d20d40c0c8f37,train,0,0.0006359599065035582,1.300717758567771e-05,1.7257894668887275e-08,0.3775397837162018,0.0004101447993889451
4dce8b5ba70ef36f,train,0,0.0004276760737411678,4.785113105754135e-06,5.829126530443318e-05,0.11920291930437088,0.0023187343031167984
384d1c25de1a55f2,train,0,0.0002228835946880281,0.9626729488372803,0.9046498537063599,0.09534913301467896,0.9948205947875977
139f4bfb05e847c8,train,0,0.0002567894116509706,8.76423058571163e-08,2.561287374192034e-06,0.0015011822106316686,0.004993889015167952
3c0afc18a7ba2a8d,train,0,0.0014503380516543984,1.47389246194507e-05,2.699588037557987e-07,0.4378225803375244,0.9901334047317505
7651ed917c79a45d,train,1,0.9999945163726807,8.152005293027287e-09,7.194133289090132e-09,3.224186784223093e-08,0.9980802536010742
39694d225daceab4,train,1,0.9994669556617737,3.288742846052628e-06,0.9990890026092529,0.005220125894993544,0.03461018204689026
7c17e977b015d127,train,1,1.0,4.94445018262013e-09,3.65348924447062e-08,1.1861142290570115e-08,0.059901755303144455
e5cbe093971f55ca,train,1,0.9996800422668457,1.0677008503989782e-06,2.144503014278598e-05,0.0004305570910219103,0.011503477580845356
c9eb6db2f710ff89,train,0,2.411978493910283e-05,1.0467402056235642e-08,2.3823783124043985e-07,0.00012339458044152707,0.6375601887702942
7945430c98883154,train,1,0.9997768998146057,1.5534978956566192e-06,0.952573835849762,0.00026119028916582465,0.9965864419937134
39d1ad2be81bd1bd,train,1,0.9998486042022705,0.00020342774223536253,5.715015163332282e-07,0.26894068717956543,0.00254808459430933
6345dbc228054c7b,train,0,0.00023225194308906794,0.0002034281351370737,3.7266534036461962e-06,0.017986277118325233,0.41426393389701843
6e9c0b3ff1ce29aa,train,1,0.9997981190681458,0.0009110547252930701,7.338223895203555e-07,0.5,0.14063939452171326
58c235380e1dc65e,train,0,0.0005028430605307221,2.144503014278598e-05,0.00015843621804378927,2.1444948288262822e-05,0.9649556279182434
c3e609873c04075c,train,1,0.9999022483825684,0.037326883524656296,0.9959297776222229,0.03732675313949585,0.996021568775177
3fef1da52a1e0d41,train,0,6.730305699420569e-07,0.0052201454527676105,5.043503392698767e-07,5.829126530443318e-05,0.43430131673812866
d261bf3c050e2413,train,1,0.9990338087081909,0.005220125894993544,2.845345647983777e-08,0.26894068717956543,0.9614320397377014
fe837d5b14b43bc2,train,0,0.0006560160545632243,0.008577484637498856,0.0005527806933969259,0.06008664518594742,0.18802723288536072
c08673f2d6b22edf,train,1,0.9999969005584717,3.6534821390432626e-08,0.0007096704212017357,3.7266393064783188e-06,0.9234073162078857
fa3cf83062328bd8,train,0,0.00011325619561830536,0.0031726830638945103,9.931249422834298e-08,0.0024726137053221464,0.9877936244010925
6d592db95f2d4f5a,train,0,0.00031566552934236825,0.0011695101857185364,3.9278771168937965e-07,0.00012339458044152707,0.017966914921998978
d16c8a250eecb957,train,0,5.270294423098676e-08,9.610241977497935e-05,2.511013441619525e-08,1.637383206798404e-07,0.01987496204674244
23411b62d72337f8,train,0,5.8089794947591145e-06,0.499999076128006,2.7535796107258648e-05,0.09534946084022522,0.9903740882873535
17613719da78e21c,train,1,0.9996713399887085,3.7266393064783188e-06,0.008577484637498856,0.037326883524656296,0.4849424362182617
c4394bf3656fb3fc,train,0,0.0004898234619759023,0.00033535141847096384,1.0130030204891227e-05,0.622459352016449,0.043871331959962845
9987848a1e18bde8,train,1,0.9999731779098511,0.0019267346942797303,0.0009110512328334153,0.00015843621804378927,0.9954530000686646
cc2fd660db2e5144,train,0,3.808310964359407e-07,2.144503014278598e-05,1.4449828711349255e-07,0.0024726232513785362,0.028365150094032288
7897e2e18cf3ffae,train,1,0.99960857629776,0.008577484637498856,0.006692825350910425,1.300717758567771e-05,0.2449343055486679
f319b84b48594511,train,0,2.846846882675891e-06,0.00012339458044152707,1.7257926643310384e-08,1.4449884133682644e-07,0.07895594090223312
a7313446bb029c26,train,0,0.00022046251979190856,0.0031726830638945103,5.602839081575439e-09,2.699588037557987e-07,0.6547695398330688
5fdbaf216b880f8d,train,0,0.0003798016405198723,0.014063626527786255,0.01798621006309986,0.0031726830638945103,0.01602165959775448
176ce1c8a224e5e4,train,1,0.9996336698532104,0.02297728694975376,3.9278845065382484e-07,0.499999076128006,0.9096099138259888
a263199d707a9121,train,1,0.9997088313102722,0.0007096704212017357,1.3709598079003626e-06,7.484651723643765e-05,0.9237669706344604
38f4f215e9e9f63b,train,0,0.000314819801133126,1.012999018712435e-05,4.36348734922376e-09,2.1445071979542263e-05,0.9482360482215881
3d3771709679ffd4,train,0,0.0007830055546946824,0.00020342774223536253,7.194160822621143e-09,0.006692825350910425,0.005115654319524765
3472bc667590bf58,train,1,1.0,5.829126530443318e-05,3.4663460724004835e-07,0.04742587357759476,0.9304828643798828
528ef12a9e145ec6,train,1,0.9996967315673828,3.535625000949949e-05,1.0467461564189762e-08,0.22270014882087708,0.08981359004974365
5677d2de600ce7ca,train,0,3.653217461874192e-08,0.06008664518594742,6.02360756829512e-08,0.0024726232513785362,0.9917216897010803
6a3408cf214cd402,train,1,1.0,0.04742569848895073,0.037326883524656296,0.01098694372922182,0.9995110034942627
f10fb6de8a777c5a,train,1,1.0,5.715004363082699e-07,8.939696272136644e-06,6.825602838489431e-08,0.9974380731582642
90ec12384a543d44,train,0,0.00021010033378843218,0.005220125894993544,0.00026119028916582465,0.01798614300787449,0.15845957398414612
c92fdc9df20b3cb1,train,0,5.345277895685285e-05,7.48462334740907e-05,4.36348734922376e-09,0.00010889752593357116,0.9967478513717651
58956a627ee1502e,train,1,1.0,8.315280410897685e-07,5.829126530443318e-05,5.043464739173942e-07,0.9977318644523621
aed5c9f18c00126e,train,1,0.9997596144676208,4.139937814784389e-08,4.36348734922376e-09,0.0007096704212017357,0.9781298637390137
d65da22060d25c63,train,1,0.999945878982544,0.04742569848895073,0.3208204507827759,0.014063573442399502,0.9331104755401611
521bea13f8de291d,train,0,0.00018786924192681909,0.004070153459906578,5.602817765293366e-09,0.014063626527786255,0.0010425311047583818
c02019c77d51a9b0,train,0,0.0005940970731899142,0.0009110512328334153,4.539786823443137e-05,0.2689414322376251,0.0021448496263474226
f922f4ef09530901,train,1,0.9999550580978394,0.0031726830638945103,3.535625000949949e-05,0.01098694372922182,0.45911693572998047
93c04e12d7d64e09,train,0,0.000858342566061765,0.8807963132858276,0.00026119028916582465,0.22270014882087708,0.9447792172431946
28591cd8986d89ce,train,0,0.0004820764297619462,1.3440409674103648e-08,1.209870333696017e-06,0.008577484637498856,0.0015780520625412464
d17f1dc060bbb94d,train,1,0.9997759461402893,0.0031726830638945103,2.845345647983777e-08,0.00012339458044152707,0.8651394844055176
e3c05149ea803658,train,0,0.0005090160411782563,0.00015843621804378927,3.7266393064783188e-06,0.924141526222229,0.0033663311041891575
eb483f44874148a7,train,1,1.0,2.8453403189132587e-08,2.5109942569656596e-08,9.237467679668043e-09,0.9614337086677551
0eb4b0c7e163ee1f,train,0,0.0006382341962307692,0.7310578227043152,4.785113105754135e-06,0.18242551386356354,0.9957959651947021
f8b169ab4fd305b9,train,0,0.0006857285625301301,0.00015843621804378927,1.5230067873517328e-08,0.0019267346942797303,0.889732301235199
4fdd0d2864158133,train,1,0.9996808767318726,7.48462334740907e-05,0.010986901819705963,0.0019267346942797303,0.9989809393882751
28bf69b07d968480,train,1,0.9999969005584717,2.9023121896898374e-06,0.9820137619972229,1.760346435730753e-06,0.06824519485235214
5d273c8ec0b9179b,train,1,0.9994214773178101,6.144174221844878e-06,0.01798621006309986,0.008577452972531319,0.9621513485908508
78f459e6c5ca7f00,train,1,0.999922513961792,0.005220105871558189,4.785113105754135e-06,0.8175744414329529,0.05155276879668236
2c024b0835f472c8,train,0,8.693788004165981e-06,0.0015011822106316686,1.5535007378275623e-06,0.0019267346942797303,0.024537343531847
4cf69da1cf188176,train,0,1.8484975953469984e-05,0.005220125894993544,4.363478911528773e-09,1.6373769540223293e-07,0.29145437479019165
7a2db225eebf5894,train,1,0.9999974966049194,5.043464739173942e-07,8.315311674778059e-07,0.014063626527786255,0.9936081171035767
adead1c34b42f294,train,0,3.968461896874942e-05,0.0011695101857185364,0.0024726137053221464,0.00033534885733388364,0.34918054938316345
1e5552fee6335711,train,1,0.9999583959579468,0.6791787147521973,1.5535007378275623e-06,0.0031726830638945103,0.1498042792081833
41e76e2951084caa,train,0,6.47421766188927e-05,7.338196041928313e-07,1.553503693685343e-06,0.0002611892996355891,0.8897201418876648
b4b59829af651c84,train,1,1.0,5.829126530443318e-05,0.9399129152297974,1.0130009286513086e-05,0.9993694424629211
d818445a2587dac5,train,0,0.00020535865041892976,0.7310570478439331,3.7266393064783188e-06,9.422428206562472e-07,0.9978317618370056
cbd677a9c6633f3a,train,0,0.00013435159053187817,0.029312340542674065,0.00012339458044152707,0.0031726951710879803,0.03674280643463135
493e99d77f3b96aa,train,1,0.9998313188552856,4.539786823443137e-05,0.00015843621804378927,5.829126530443318e-05,0.9268227815628052
ae9730fb290ee0d0,train,1,1.0,0.014063573442399502,0.0031726830638945103,0.0019267346942797303,0.9978097081184387
4ae5f5c9a6622e61,train,1,1.0,3.4663264614209766e-07,0.562176525592804,9.422445828022319e-07,0.9973468780517578
0cf0ea1ef52645d7,train,0,0.00013002513151150197,1.760343138812459e-06,1.416614159310825e-09,6.962256520637311e-06,0.4502829909324646
c7cbe392c473c45e,train,1,0.999993085861206,0.006692850962281227,4.7850949158601e-06,0.0024726137053221464,0.9709258675575256
a6286e9f61d2a59f,train,1,1.0,1.1478747182991356e-05,0.02931223064661026,5.714993562833115e-07,0.9973592162132263
6f12de265c7eac6f,train,1,1.0,4.539786823443137e-05,0.9959297776222229,7.889262633398175e-06,0.9916403293609619
36807426633dd7f3,train,1,0.9999949932098389,0.0007096704212017357,0.0009110512328334153,0.0019267273601144552,0.9707831144332886
1ee87843e7551734,train,1,1.0,0.004070138093084097,0.7772985100746155,0.0011695101857185364,0.46692001819610596
d57207ca2425bbc1,train,0,4.697531767305918e-05,0.777299165725708,0.9399130940437317,0.04742569848895073,0.004471493884921074
139878327df024b4,train,0,0.0008737717871554196,0.00020342697098385543,4.785113105754135e-06,0.14804719388484955,0.21124503016471863
5c82b17c8acc72a1,train,1,0.9997838139533997,9.422445828022319e-07,4.944459952582747e-09,2.7535692424862646e-05,0.9894801378250122
7d31801bb8525817,train,1,0.9999908208847046,0.006692825350910425,0.01798621006309986,4.5398039219435304e-05,0.9963158965110779
31c862741e5e5bfd,train,1,0.9998074173927307,8.764247638737288e-08,1.3709624226976302e-06,0.01098694372922182,0.045042313635349274
5f884d433113ac01,train,1,0.9997881054878235,1.6373769540223293e-07,1.760346435730753e-06,0.005220125894993544,0.9722520112991333
a6e4c419c4d1ae73,train,1,1.0,1.0677008503989782e-06,0.9959298968315125,0.2689414322376251,0.9991133809089661
d960bd36df65aa4c,train,0,6.872481208120007e-06,0.00012339411478023976,4.5398039219435304e-05,1.0130030204891227e-05,0.031634215265512466
f20d5b6cb3fa9c0b,train,0,0.0005459485691972077,0.0024726232513785362,0.00012339504610281438,0.18242496252059937,0.8700430393218994
368d3eb4ef8d5037,train,1,0.999541163444519,0.0007096758345142007,5.043474402555148e-07,3.535638461471535e-05,0.0081328134983778
e38b661e94442eae,train,1,1.0,7.338196041928313e-07,0.01798621006309986,1.3709598079003626e-06,0.015810273587703705
0703ca24bc7172c6,train,1,1.0,1.637373827634292e-07,0.005220125894993544,0.0024726232513785362,0.9431710839271545
b3df49c9ee6ad78f,train,1,0.9996539354324341,0.09534913301467896,0.9914223551750183,0.6224575638771057,0.9990677237510681
c0b6377740a81f8a,train,1,0.999575674533844,0.00020342619973234832,5.715025963581866e-07,0.02931223064661026,0.9848393797874451
8cd8788db32708a1,train,1,0.9998049139976501,0.00033535013790242374,7.48462334740907e-05,0.008577452972531319,0.9989738464355469
36dff1af3c1450bd,train,1,0.999901294708252,0.00012339411478023976,2.7535796107258648e-05,4.785085820913082e-06,0.5478074550628662
dc8417faa1a25d77,train,1,0.9999476671218872,2.7535692424862646e-05,4.691155552905002e-08,2.8453348122070565e-08,0.9808557629585266
50a983bbc009cf09,train,1,1.0,1.012999018712435e-05,8.764281744788605e-08,0.07585817575454712,0.9518731832504272
7aab39e708cc1b42,train,0,2.6635937047103653e-06,0.008577484637498856,8.1520825645498e-09,6.023618936978892e-08,0.6660487055778503
4291299191d8f058,train,0,2.15648043422334e-07,0.000552778597921133,2.845345647983777e-08,3.4663264614209766e-07,0.9964469075202942
94bb26b9cbbe2f0a,train,1,0.9998799562454224,1.012999018712435e-05,0.0009110512328334153,0.00026119028916582465,0.9605268836021423
b73fa7df05cf3896,train,1,0.9997522234916687,0.3775397837162018,4.944478604329561e-09,0.008577452972531319,0.00852645467966795
33da0f59a7c7b711,train,1,0.9998621940612793,0.00020342774223536253,2.102441243323483e-07,0.014063626527786255,0.0486975722014904
92294a691d47c507,train,0,0.00022922875359654427,0.06008664518594742,9.610279084881768e-05,0.0024726137053221464,0.2871294915676117
8ccb645de3bb72c6,train,1,0.999681830406189,6.348800152267131e-09,2.998977954860038e-09,1.3007128472963814e-05,0.7980157136917114
1a427e421181fff0,train,0,4.562157300824765e-06,1.3709545783058275e-06,6.02360756829512e-08,0.00012339411478023976,0.0171616580337286
58271bcdd6878fee,train,0,6.516859139082953e-05,1.760343138812459e-06,1.0467461564189762e-08,0.0019267346942797303,0.0011627166531980038
6b8e82932b794585,train,0,0.00027456670068204403,0.14804719388484955,2.9023121896898374e-06,0.11920172721147537,0.6944996118545532
8174db6c96a7be13,train,0,0.0009353653877042234,1.3440409674103648e-08,2.3823783124043985e-07,0.005220125894993544,0.22702449560165405
682b78b3e675f288,train,0,6.479653529822826e-05,0.0011695101857185364,1.0677089221644565e-06,0.0019267346942797303,0.0015791576588526368
6de9b0c138e6e4a5,train,1,0.9999990463256836,0.0024726325646042824,1.275195415928465e-07,1.2098656725356705e-06,0.9735502004623413
0f188822449340b8,train,0,0.00039789945003576577,2.1444948288262822e-05,1.2098726074327715e-06,0.0007096704212017357,0.9922818541526794
d5d6c59be83ccf2a,train,1,0.9994103908538818,7.889262633398175e-06,0.8807966709136963,7.48462334740907e-05,0.919783353805542
242d24d3484cb6b1,train,0,8.605846232967451e-06,0.005220125894993544,4.785131295648171e-06,0.0015011822106316686,0.013518988154828548
a9d1991da773f7c3,train,0,5.987851068312011e-07,2.1444948288262822e-05,2.561287374192034e-06,0.3208196461200714,0.009063745848834515
bf48781b6f35a32e,train,1,0.9999607801437378,1.855391076333035e-07,1.670148594712373e-05,0.2689414322376251,0.9671036601066589
8488cceba5a5cd11,train,0,6.89454395796929e-07,6.475935947491962e-07,4.944469278456154e-09,0.00033535013790242374,0.04379257559776306
08663fef1ee58df8,train,1,1.0,3.7266393064783188e-06,0.01798621006309986,2.699588037557987e-07,0.9979984164237976
490a219dc7a20b7c,train,1,1.0,4.139929643542928e-08,1.760343138812459e-06,7.734421103577915e-08,0.9909831285476685
5fe56a631e09843f,train,0,0.00010206648585153744,1.012999018712435e-05,1.3709624226976302e-06,2.1444948288262822e-05,0.11222711950540543
f9221d78aef50336,train,0,0.0009846334578469396,1.0677008503989782e-06,4.785113105754135e-06,0.562176525592804,0.023889591917395592
3b44ac0121fb94a9,train,1,0.9999998807907104,5.715004363082699e-07,0.0040701222606003284,0.9890130758285522,0.9378573894500732
6434e7f81691811a,train,1,1.0,4.139929643542928e-08,0.029312124475836754,0.14804671704769135,0.9926308393478394
364c19417c77f6ee,train,0,7.161142434597423e-08,0.0031726830638945103,1.6373863331864413e-07,3.535625000949949e-05,0.014929217286407948
2872ce2d49f5159b,train,0,8.483336569042876e-05,3.7266393064783188e-06,1.637383206798404e-07,0.005220125894993544,0.8153089880943298
d22737679f911c35,train,0,0.0004318905994296074,0.00026119028916582465,5.043503392698767e-07,0.022977370768785477,0.9219404458999634
17a2996a8b36f74c,train,0,7.085673587425845e-06,1.0677028967620572e-06,8.315296327054966e-07,0.06008664518594742,0.0020193681120872498
f38e61e008aa67d5,train,1,1.0,6.475948453044111e-07,0.06008664518594742,0.11920291930437088,0.5818025469779968
194858d3e479c817,train,1,0.999872088432312,3.224186784223093e-08,0.00033535141847096384,2.7535692424862646e-05,0.058900296688079834
b004a500a6af3504,train,1,0.9992610812187195,0.00033535013790242374,1.6052372764363554e-09,0.0024726232513785362,0.9170054197311401
7ba2eaae077b0eaa,train,1,0.9995676875114441,0.00015843682922422886,4.139953446724576e-08,0.3775406777858734,0.009777556173503399
9b18bdd749fb9704,train,0,1.9823988623102196e-05,0.07585817575454712,6.144197413959773e-06,1.6701422282494605e-05,0.12480464577674866
ec1973f83af4fb8b,train,0,1.320756200584583e-05,0.0011695101857185364,9.237484555058018e-09,2.561282371971174e-06,0.005786100402474403
7d1d8d8843fb82e2,train,1,0.9999905824661255,1.3709598079003626e-06,6.144197413959773e-06,9.610241977497935e-05,0.4280167818069458
2a1c13281c8f6962,train,1,0.9999995231628418,0.09534913301467896,0.008577484637498856,0.01798621006309986,0.998055100440979
21de3b7ebf82c728,train,1,0.9999536275863647,9.610279084881768e-05,1.955575612555549e-08,0.000552778597921133,0.0023507585283368826
bb60a990445dfb6d,train,1,0.9998286962509155,4.450841970538022e-07,3.7266393064783188e-06,1.209863398798916e-06,0.41093307733535767
b9e600a61d29addf,train,0,6.923139608261408e-07,5.8291487221140414e-05,1.3007128472963814e-05,0.0011695101857185364,0.0016361633315682411
76abcebe7f45ab94,train,0,0.00013885031512472779,7.889262633398175e-06,1.012999018712435e-05,0.014063626527786255,0.13395285606384277
75596b5c5546f619,train,0,1.093313495292847e-10,1.7603498463358846e-06,8.1520825645498e-09,0.0009110512328334153,0.0019249235047027469
2ff502ab8494133c,train,1,0.9999196529388428,1.6701422282494605e-05,9.931211764069303e-08,0.00015843621804378927,0.974711537361145
1f9cf5b4ced1db55,train,1,0.9999998807907104,2.2603198885917664e-06,2.2603328488912666e-06,0.014063573442399502,0.005157903768122196
0e108d3f01228977,train,0,1.4490034949687924e-08,4.7850949158601e-06,2.1444948288262822e-05,5.829126530443318e-05,0.5760369300842285
94bf35f3d1fd24a8,train,1,0.9999959468841553,0.18242496252059937,0.5,0.0007096704212017357,0.9564228653907776
be4ba64199f0b8b5,train,1,0.9997797608375549,1.855391076333035e-07,4.139953446724576e-08,0.022977370768785477,0.9984607696533203
6d83d1860a62cb0b,train,1,0.9998956918716431,4.7850949158601e-06,3.65348924447062e-08,1.012999018712435e-05,0.026399068534374237
4aa59c66b06329f4,train,1,0.9998936653137207,3.535625000949949e-05,5.043474402555148e-07,7.889293556218036e-06,0.7942331433296204
71af66a7c0d3324a,train,0,7.375904533546418e-05,0.0002959633420687169,1.0467442024264528e-08,0.22270014882087708,0.0022657085210084915
cf0e3ccb7a04190b,train,1,1.0,4.139929643542928e-08,7.48462334740907e-05,1.5534949397988385e-06,0.9806193113327026
9e7d492cbfd06d47,train,1,0.9995895028114319,9.422428206562472e-07,5.602817765293366e-09,0.006692876573652029,0.9775317907333374
99f7ff1d531df376,train,0,4.412180132362664e-08,0.9525739550590515,2.2603242086915998e-06,0.01098694372922182,0.02382340468466282
12840b522617762f,train,1,0.999996542930603,0.001501187914982438,1.855391076333035e-07,1.7257894668887275e-08,0.013169943355023861
5a8fecec524edf0d,train,1,0.9996347427368164,7.338210252783028e-07,1.3709624226976302e-06,0.18242496252059937,0.9550334811210632
f46de28b026a61cb,train,1,0.9999927282333374,1.2751904421293148e-07,0.00012339458044152707,2.56127759712399e-06,0.5470925569534302
f86070e9aeafa5a2,train,1,1.0,0.0009110512328334153,0.11920253187417984,2.9023121896898374e-06,0.906242847442627
68240b3d514423aa,train,0,0.0005097734974697232,0.00012339504610281438,8.152067465516666e-09,0.0019267346942797303,0.054197948426008224
a790cdc6ccebd6fc,train,1,1.0,3.7266393064783188e-06,0.9975274205207825,0.0024726232513785362,0.9975409507751465
1bced69986f52aec,train,1,0.9998555183410645,0.0015011822106316686,6.475972895714222e-07,0.01798621006309986,0.014858932234346867
eb17210bf4db1faa,train,0,0.0009049553773365915,0.00015843621804378927,3.224205258334223e-08,0.004070138093084097,0.9811522960662842
a3bbdcd24c6e1636,train,0,0.0006693762843497097,2.9023121896898374e-06,1.3709624226976302e-06,0.01798621006309986,0.6592944860458374
26ceaf4b1adf7144,train,1,0.9994099140167236,2.5109942569656596e-08,1.0467402056235642e-08,2.215953287532102e-08,0.14769434928894043
0c4fbad86432a0f8,train,0,3.953352006647037e-06,0.060086436569690704,7.194160822621143e-09,9.610204870114103e-05,0.267787903547287
43de1933179d1fc7,train,0,0.0001805678039090708,0.00026119028916582465,0.0015011822106316686,0.0009110512328334153,0.01873037777841091
1ba42a8404ae65af,train,1,0.9999998807907104,8.315280410897685e-07,0.09534913301467896,8.939696272136644e-06,0.9990319013595581
573f7175e7d322e3,train,1,0.9988542795181274,0.14804671704769135,0.000552778597921133,0.09534946084022522,0.9507262110710144
e34ed8b3090ca7e4,train,1,0.999481737613678,6.023562093560031e-08,0.18242496252059937,0.3775397837162018,0.027558619156479836
3627428b65e8370b,train,0,0.0002568489289842546,4.539786823443137e-05,0.00015843621804378927,1.012999018712435e-05,0.0013812793185934424
41ac4f8fcb0f6910,train,0,7.603515541632078e-07,4.5398388465400785e-05,7.889293556218036e-06,0.00012339458044152707,0.0033631783444434404
820bca94e59e3d32,train,0,0.0003885947517119348,0.9959297776222229,2.6465789559892983e-09,0.004070138093084097,0.8760249018669128
8966daaeda11c93e,train,0,3.3000290500240226e-08,7.48462334740907e-05,2.7535796107258648e-05,0.001169505761936307,0.0017282235203310847
187962660c59d52a,train,0,7.838902092771605e-06,0.0004305570910219103,6.475960390162072e-07,0.0040701222606003284,0.8888680934906006
4e88766707da013f,train,1,0.9997768998146057,2.9023121896898374e-06,1.2751978317737667e-07,1.209856463901815e-06,0.9692713022232056
fcf04daf7e8cb0ba,train,0,0.00012249912833794951,9.610241977497935e-05,2.9023121896898374e-06,0.0031726951710879803,0.00552818737924099
d05cedd7177cd9dd,train,1,0.9997082352638245,0.02297728694975376,6.825629128570654e-08,4.539786823443137e-05,0.0036850732285529375
0bd3cf1aa097eda1,train,0,0.00040331060881726444,9.610279084881768e-05,1.0677068758013775e-06,0.014063626527786255,0.30261704325675964
8e51f9bca374920b,train,1,1.0,2.56127759712399e-06,0.14804719388484955,0.4378225803375244,0.9404636025428772
6cc763e722e416f3,train,0,0.00033683236688375473,0.0004305587208364159,2.2603328488912666e-06,0.014063626527786255,0.0077836704440414906
9894743577688430,train,1,0.9997145533561707,0.029312124475836754,0.0031726830638945103,0.22269947826862335,0.9958122372627258
f18753fe854a7587,train,1,0.9997687935829163,2.7535692424862646e-05,7.338223895203555e-07,0.02931223064661026,0.9994271993637085
9b806c4b8bfe3094,train,1,0.9999901056289673,7.734406182180464e-08,2.998966630585187e-09,1.344043543127782e-08,0.5122846364974976
1b9a01835aba1419,train,1,1.0,6.023562093560031e-08,0.14804671704769135,0.000552778597921133,0.9864839911460876
6d0bf253432014e9,train,0,1.0343444500904297e-07,6.144174221844878e-06,3.4663395354073145e-07,5.8291487221140414e-05,0.9961742758750916
5da19bd534a680dc,train,1,0.9996780157089233,7.338210252783028e-07,6.144197413959773e-06,9.422481639376201e-07,0.7549062967300415
e0bb4ca60476d7d4,train,1,1.0,8.315264494740404e-07,2.1444948288262822e-05,1.3709598079003626e-06,0.9264316558837891
5b27b3d62daba3e4,train,1,0.9998564720153809,0.0004305570910219103,4.1399456307544824e-08,0.00015843682922422886,0.008508062921464443
02aac7c67dadef3c,train,1,0.9997825026512146,7.889262633398175e-06,0.02931223064661026,0.8175744414329529,0.9953116774559021
eb21b62223f70ad5,train,0,4.377153800305678e-06,0.0015011822106316686,5.715025963581866e-07,4.539786823443137e-05,0.04824722185730934
039029e451b0a87f,train,0,2.222905777671258e-06,2.6995778057425923e-07,1.275195415928465e-07,0.01798614300787449,0.0668163001537323
37b5fef1bb90e3ea,train,1,1.0,0.00026119028916582465,0.9399129152297974,0.3208213150501251,0.9898599982261658
31bbc23f67253c6d,train,1,0.9996094107627869,5.315775553071944e-08,0.02931223064661026,0.004070138093084097,0.9668573141098022
31d23ccf588b3e9a,train,1,0.9998655319213867,0.008577452972531319,0.22269947826862335,0.02931223064661026,0.999180257320404
353c0fe688594753,train,1,0.9999924898147583,0.0019267273601144552,0.7310578227043152,1.3007128472963814e-05,0.9949333071708679
736fd79f3fb57716,train,1,0.9998598098754883,0.00033535013790242374,7.48462334740907e-05,0.0007096704212017357,0.9960305094718933
b2d555b16af59625,train,0,2.2132935555418953e-06,1.637373827634292e-07,0.9525739550590515,0.03732675313949585,0.6434603333473206
f2940ba3519a7aca,train,1,0.9999992847442627,6.023562093560031e-08,1.1253516163378663e-07,1.760346435730753e-06,0.29360833764076233
c7cd271b1fd7f6e7,train,0,0.00034895341377705336,1.012999018712435e-05,2.144503014278598e-05,9.610241977497935e-05,0.02037743479013443
7565db0e079517a4,train,0,1.000843071613522e-12,0.00026119028916582465,0.0007096704212017357,0.00033535141847096384,0.4094385504722595
6a4627f26e18c332,train,1,0.9999375343322754,3.4663264614209766e-07,3.224199218720969e-08,0.0019267273601144552,0.010704169981181622
9f91a23721205b00,train,1,0.9993570446968079,0.00012339458044152707,4.944469278456154e-09,0.008577452972531319,0.003923787735402584
531cd24df17d92b3,train,1,0.9997552037239075,0.03732675313949585,0.09534913301467896,0.9525739550590515,0.9985446929931641
8088a552aa587927,train,0,0.00022409735538531095,0.029312124475836754,6.348824133084463e-09,0.00033535013790242374,0.824252724647522
39ca34549f98a604,train,1,0.9998916387557983,0.00012339458044152707,1.4449801710725296e-07,0.022977370768785477,0.03120248019695282
9fe08b178b07f4fa,train,1,1.0,0.000552778597921133,0.3208196461200714,0.8175738453865051,0.9986647367477417
d6200add0ff544e1,train,1,0.9995229244232178,0.9995694756507874,1.2501600865633122e-09,0.01798621006309986,0.9784252047538757
93d7ede161a5536b,train,1,0.9999998807907104,6.475935947491962e-07,0.8519513607025146,0.029311904683709145,0.9061182141304016
b2af78ddf54e33d8,train,0,0.00023721580510027707,0.8175738453865051,8.764348535805766e-08,0.8175738453865051,0.07585974782705307
14d209d714f5a900,train,0,8.05917225079611e-05,0.01098694372922182,1.012999018712435e-05,0.0024726232513785362,0.006913274060934782
3eb2e46f21de791b,train,1,0.999704897403717,1.012999018712435e-05,2.5110184154186754e-08,0.03732675313949585,0.6204102635383606
f5803aeb8e8cf5b7,train,0,1.1666854788927594e-06,7.484651723643765e-05,2.3823783124043985e-07,0.008577484637498856,0.0014574967790395021
3d11d1177bf851cc,train,1,1.0,0.9996646642684937,0.9999985694885254,3.535638461471535e-05,0.8763027787208557
77eca2439d7e5928,train,0,4.665821961680194e-06,7.889293556218036e-06,4.139961262694669e-08,1.670148594712373e-05,0.8267425894737244
3cb363064890ba84,train,1,1.0,4.450841970538022e-07,2.2159573731528326e-08,0.0015011708019301295,0.9329463839530945
fa3466a953616b03,train,0,0.0006228324491530657,5.315785500670245e-08,2.9023121896898374e-06,0.01098694372922182,0.7196787595748901
5f83bae3e117a111,train,0,3.994744838564657e-05,2.7535796107258648e-05,4.539786823443137e-05,0.0007096677436493337,0.034384291619062424
001483d9033e5d4c,train,1,0.9999059438705444,0.0004305570910219103,2.1444948288262822e-05,0.00012339458044152707,0.013927572406828403
b995dd3a1422ff04,train,1,0.999847412109375,2.1024332852448424e-07,0.014063573442399502,5.829126530443318e-05,0.3847507834434509
0eef2039c56dfd1d,train,0,6.0392289924493525e-06,0.02931223064661026,9.422481639376201e-07,0.004070138093084097,0.0054731727577745914
0598dc7c1c743f4f,train,0,0.0005218707374297082,6.023573462243803e-08,1.637373827634292e-07,2.2159573731528326e-08,0.11961113661527634
5010d4e77aee14bf,train,1,0.9996752738952637,5.315775553071944e-08,0.9525739550590515,4.450841970538022e-07,0.12624864280223846
d90504546c2a7e2c,train,1,1.0,1.2751904421293148e-07,6.825602838489431e-08,1.1861142290570115e-08,0.0035891993902623653
1be029545cd81fee,train,1,0.9999703168869019,8.76423058571163e-08,6.144174221844878e-06,2.9023065053479513e-06,0.12412960082292557
88c1c606342b9170,train,1,0.9995005130767822,1.6701422282494605e-05,3.535625000949949e-05,0.02931223064661026,0.3660372793674469
e6b9519e74b49e5b,train,0,0.00020738835155498236,1.012999018712435e-05,2.061165460531811e-09,0.0009110477985814214,0.8873055577278137
455fbd9de90c6539,train,1,0.999737560749054,0.0005527765024453402,0.9626728296279907,0.9820136427879333,0.005799983628094196
a330474c7ae0536d,train,0,1.664853357397078e-06,0.022977370768785477,3.535625000949949e-05,0.04742569848895073,0.7370686531066895
ba853db07a03b49e,train,0,7.091522320479271e-07,4.785085820913082e-06,0.00012339458044152707,0.0004305570910219103,0.016239287331700325
296a1347e78618e3,train,1,0.9999796152114868,3.9278620533877984e-07,7.889262633398175e-06,7.338223895203555e-07,0.38057979941368103
84a54ea3050659d5,train,1,0.9991193413734436,3.224186784223093e-08,0.0031726951710879803,0.0015011822106316686,0.9974076151847839
ef4590019c9f7c29,train,0,6.134067371021956e-05,1.855391076333035e-07,3.9278694430322503e-07,2.561282371971174e-06,0.06786040961742401
db2858dafe4ddc6d,train,1,1.0,4.450833444025193e-07,0.0009110547252930701,0.004070138093084097,0.977182924747467
ec0822d63e3906f9,train,0,3.025124897249043e-06,0.437821626663208,1.0677028967620572e-06,0.00020342697098385543,0.00855055171996355
f0ce672c80a03a82,train,1,0.999789297580719,4.539769361144863e-05,9.422481639376201e-07,0.014063573442399502,0.500438392162323
641e125ad10e8866,train,0,0.00016148666327353567,0.07585790753364563,1.760346435730753e-06,0.00026119028916582465,0.08303523808717728
028876cdbb3c1e84,train,1,0.9996476173400879,3.224186784223093e-08,2.1444948288262822e-05,9.422428206562472e-07,0.37800103425979614
7dd8c48f601561ed,train,0,0.00011338694457663223,1.012999018712435e-05,0.0015011822106316686,0.11920253187417984,0.9623761773109436
03f1e7099ff7fb7f,train,0,4.345565685071051e-08,0.00012339458044152707,5.715036763831449e-07,0.0005527765024453402,0.23755554854869843
bbb030563b87c186,train,1,1.0,2.2603242086915998e-06,2.9023121896898374e-06,1.637383206798404e-07,0.9979826211929321
db8c328ddfcc89c4,train,1,0.9994497895240784,1.3007128472963814e-05,0.00020342774223536253,0.00015843621804378927,0.01318151131272316
3ffd9c9c5bad222c,train,1,0.9992451667785645,1.370957193103095e-06,1.5230037675451058e-08,0.006692850962281227,0.008251148276031017
7c1a5d6c4915fa8b,train,1,0.999514102935791,0.0009110512328334153,2.998966630585187e-09,0.09534946084022522,0.9976175427436829
a5f1d838db9904a4,train,1,0.9999997615814209,2.1024293062055222e-07,3.224199218720969e-08,0.04742569848895073,0.047813668847084045
4af7cd5edd41788a,train,1,0.9999996423721313,0.00015843682922422886,1.760343138812459e-06,3.535625000949949e-05,0.015102255158126354
6f3b17394ed8802f,train,1,0.9996745586395264,0.00020342774223536253,0.00020342774223536253,0.07585817575454712,0.0049628885462880135
e64a746172869c60,train,0,1.6747100744396448e-05,4.7850949158601e-06,0.014063573442399502,0.0015011822106316686,0.8019230365753174
ada55711fec69956,train,1,0.9995936751365662,1.7603398418941651e-06,0.00033535141847096384,0.005220125894993544,0.7685336470603943
a9ad0208bc739f2e,train,1,0.9999967813491821,0.00020342697098385543,3.7266393064783188e-06,0.0024726137053221464,0.005135611165314913
23030b664c932608,train,0,0.0005342483636923134,0.014063733629882336,1.275195415928465e-07,0.4378225803375244,0.007623585406690836
e39efbb0a4d8f96e,train,1,0.9991463422775269,0.0005527806933969259,7.889293556218036e-06,0.9046505093574524,0.9940266609191895
4ee0326228713ad4,train,0,0.00017171491344925016,1.6701422282494605e-05,1.012999018712435e-05,1.012999018712435e-05,0.011279827915132046
4353fac699ca3d13,train,1,0.9999915361404419,1.6701422282494605e-05,1.760346435730753e-06,0.0009110512328334153,0.25041717290878296
8a4b2870bd905880,train,1,0.999340832233429,4.2228252823406365e-06,1.2752002476190683e-07,0.0015011822106316686,0.606321394443512
9cf6f7a1e9612846,train,1,0.9997946619987488,5.043474402555148e-07,5.829126530443318e-05,3.120191104244441e-05,0.8473641276359558
7c32da1a85d88f1c,train,0,0.0002334699674975127,3.7266393064783188e-06,3.6534821390432626e-08,0.0024726232513785362,0.6245937943458557
a4a7b5aa7361a37b,train,0,0.000523821625392884,0.9994471669197083,7.33823810605827e-07,0.01098694372922182,0.0022033380810171366
e0d7b3b7b721b1b7,train,1,0.9998230338096619,0.006692850962281227,1.637383206798404e-07,0.03732675313949585,0.06501047313213348
b5f1fa45d8d52359,train,0,0.0002834982005879283,7.338210252783028e-07,4.785131295648171e-06,0.0019267346942797303,0.8339760899543762
2de0de9e0abd16e6,train,0,1.1543309101007086e-14,1.3007128472963814e-05,4.691182198257593e-08,3.535625000949949e-05,0.012808837927877903
0dac41ecbb0f6510,train,1,0.9999998807907104,2.5109942569656596e-08,2.215961636409247e-08,2.144503014278598e-05,0.9851067066192627
4dea5cc89d9a2306,train,1,1.0,8.93967899173731e-06,0.11920253187417984,0.09534946084022522,0.9954935312271118
55415ce53d5babc8,train,0,0.000437931768829003,0.037326883524656296,1.5230096295226758e-08,0.0007096704212017357,0.4361094534397125
0c623697edafab20,train,1,0.9996823072433472,3.6534821390432626e-08,4.139961262694669e-08,0.04742569848895073,0.010226668789982796
e9f58903f8135adf,train,1,1.0,3.9278546637433465e-07,0.2689414322376251,2.699572689834895e-07,0.9878272414207458
1995b1ff6417e356,train,1,1.0,0.00020342697098385543,7.33823810605827e-07,0.0031726707238703966,0.9943580031394958
1e4210180088fd91,train,1,0.9999927282333374,6.023573462243803e-08,1.637383206798404e-07,0.0019267346942797303,0.9989585876464844
0e5eded3721e9de9,train,0,1.1439841728133615e-05,0.22269947826862335,0.0015011822106316686,0.037326883524656296,0.21585442125797272
7d073835ba0dc30b,train,0,0.00028096616733819246,0.7310585379600525,0.0007096704212017357,0.0004305554321035743,0.9917157292366028
3432b3db388ecc85,train,0,0.00023667859204579145,0.0009110512328334153,1.9555793429049118e-08,0.0009110512328334153,0.09123531728982925
420d3a7944061f36,train,0,0.00034640400554053485,3.4663395354073145e-07,1.300717758567771e-05,0.04742587357759476,0.003506938461214304
00d5597cdd260f5a,train,1,0.9997847676277161,3.224180744609839e-08,1.012999018712435e-05,0.0007096704212017357,0.11097528040409088
538242f2e8bac389,train,0,1.837552332517589e-08,7.48462334740907e-05,1.1861210680308432e-08,3.059033701902081e-07,0.02262483909726143
56ee52d92a027510,train,1,0.9999788999557495,2.335593052293916e-09,1.3440409674103648e-08,2.5110038492925923e-08,0.9839206337928772
1ce00a520335a125,train,1,0.9999969005584717,1.3007128472963814e-05,0.037326883524656296,4.5398039219435304e-05,0.9988448619842529
b90f5a1d3e31c240,train,1,0.999151349067688,0.952573835849762,1.7603531432541786e-06,0.008577484637498856,0.05396874248981476
1c2da85a29ed13ce,train,1,1.0,4.139929643542928e-08,0.0031726830638945103,4.7850949158601e-06,0.9957600235939026
f9480c71674b89a4,train,0,8.452866495645139e-07,0.03732675313949585,2.8453564837604972e-08,0.00033535013790242374,0.11207829415798187
bfd9bc8224689ef1,train,0,1.466702453933877e-11,0.005220125894993544,3.4663329984141455e-07,1.1478747182991356e-05,0.991794764995575
702497f1c56e9c85,train,1,0.9999923706054688,0.006692825350910425,6.475985401266371e-07,0.02931223064661026,0.998562753200531
bc6a6298bca1171f,train,0,0.0016068462282419205,1.9947297005273867e-06,5.043474402555148e-07,5.315785500670245e-08,0.9013345241546631
f28bdbd4d1f4c7f9,train,1,0.999135434627533,1.6373769540223293e-07,7.484651723643765e-05,0.04742587357759476,0.9219330549240112
384d13e9bb5b276d,train,1,0.999966025352478,7.889262633398175e-06,4.539786823443137e-05,1.994725835174904e-06,0.11156576871871948
6ef3a4d93199d1ad,train,0,6.696344325395065e-15,1.1253537479660736e-07,2.998972403744915e-09,2.144503014278598e-05,0.023056641221046448
b401eaee658cefcd,train,1,0.9998615980148315,0.00015843621804378927,0.14804671704769135,0.02931223064661026,0.802451491355896
878d265b0244ba0d,train,0,0.0003825438325293362,0.437821626663208,6.023596199611347e-08,0.008577484637498856,0.15727995336055756
020ce6e5b557f1a8,train,0,6.56529373372905e-05,0.0011695147259160876,4.139976894634856e-08,0.09534913301467896,0.0860772430896759
652ec3ff66fe59a4,train,1,0.999995231628418,3.6534821390432626e-08,0.0011695101857185364,2.699572689834895e-07,0.9980080723762512
d63b0533943fc06a,train,1,0.999818742275238,1.5534949397988385e-06,0.00026119028916582465,2.2159490242756874e-08,0.16089734435081482
84fbca587fe62fba,train,1,0.9998911619186401,6.144174221844878e-06,1.209870333696017e-06,0.01098694372922182,0.9729746580123901
5e0c1b1315b7b5a1,train,0,0.00010647413728293031,0.00026119028916582465,4.691173316473396e-08,3.4663264614209766e-07,0.004909209907054901
18195a2da8325608,train,0,2.169975459764828e-06,6.144197413959773e-06,4.363470473833786e-09,3.535638461471535e-05,0.0015101010212674737
8a6cd2ff420bbb0f,train,1,0.9997369647026062,0.00012339504610281438,3.850771257418728e-09,0.01098694372922182,0.996890127658844
efe25b598e4b3b7d,train,1,0.9999997615814209,6.023562093560031e-08,2.561287374192034e-06,1.4449828711349255e-07,0.07091625779867172
f75571b6c4d6b199,train,1,0.999914288520813,0.0004305570910219103,0.04742587357759476,0.0007096704212017357,0.08472021669149399
d6d447a6fc98852f,train,1,0.9999994039535522,5.422219146566931e-06,8.315296327054966e-07,3.9278546637433465e-07,0.9937471151351929
34a825199733bdc9,train,0,1.1837480997201055e-05,2.3823690753488336e-07,0.9820136427879333,0.01798621006309986,0.9544310569763184
d816dc82a70d47a5,train,1,0.9996185302734375,0.00020342697098385543,0.01098694372922182,0.0004305570910219103,0.994495689868927
3d4b71da45e5fa03,train,1,0.9999037981033325,3.535625000949949e-05,1.6373769540223293e-07,1.344043543127782e-08,0.011937105096876621
4ea1087172447d40,train,1,1.0,6.144174221844878e-06,0.04742587357759476,0.0009110512328334153,0.990208625793457
356c9eadf4b110c6,train,1,0.999893069267273,6.023573462243803e-08,3.7266393064783188e-06,1.6701422282494605e-05,0.9889551401138306
2374848c274b0cae,train,1,0.9999696016311646,0.22270014882087708,6.82561633880141e-08,0.07585790753364563,0.7916154265403748
5f357deddca4f246,train,1,0.9999988079071045,1.3007078450755216e-05,2.9023121896898374e-06,0.8807966709136963,0.9965474009513855
3bf56b271cdff34b,train,0,4.264506716505911e-12,0.0031726951710879803,7.194174589386648e-09,1.7603498463358846e-06,0.9914435744285583
83e3a46d0daf47a1,train,0,8.640484338684473e-06,7.889262633398175e-06,1.9555830732542745e-08,0.00020342697098385543,0.024039849638938904
1f0a2c85ae1906b7,train,1,1.0,3.4663329984141455e-07,3.6535034553253354e-08,0.5,0.9928720593452454
80d1e4b37c54c85c,train,0,0.0004547399003058672,2.9023121896898374e-06,0.0009110512328334153,0.006692850962281227,0.08602531999349594
0046da86c397af1f,train,1,0.9999974966049194,2.998960857425459e-09,5.422219146566931e-06,2.8453294831365383e-08,0.003568928921595216
5755fedeff0f96a2,train,0,0.0010085904505103827,0.00026119130779989064,1.0130030204891227e-05,0.22270014882087708,0.0434083566069603
8c342c8a5b422d2c,train,1,0.999739944934845,2.1024293062055222e-07,6.023573462243803e-08,7.889262633398175e-06,0.02719244733452797
14b1857f8415c3a6,train,1,0.9999998807907104,4.7850949158601e-06,0.0004305570910219103,6.144162398413755e-06,0.998712420463562
98d6d4877293d7e8,train,0,5.895366484764963e-06,1.670148594712373e-05,4.691182198257593e-08,0.01098694372922182,0.009775785729289055
c13c21fd7d9f37a4,train,1,1.0,0.005220125894993544,7.48462334740907e-05,0.0024726232513785362,0.9950351715087891
f09cd77ab676c71d,train,0,2.810925798257813e-05,0.9626730680465698,5.8291487221140414e-05,0.3208213150501251,0.8377746939659119
017b6ff3846acbbb,train,1,0.9994589686393738,7.48462334740907e-05,1.553503693685343e-06,0.7310585379600525,0.02220882475376129
6cd9698768acd376,train,0,1.3090085815292696e-07,0.00012339458044152707,1.3709624226976302e-06,0.0040701222606003284,0.06494048982858658
dace861079822ba3,train,0,3.20943036058452e-05,2.56127759712399e-06,3.4663395354073145e-07,0.0024726232513785362,0.9990849494934082
1dd7dc42579ed783,train,0,0.00018609600374475121,0.09534880518913269,0.0015011822106316686,0.9626728296279907,0.11818037182092667
64a51b17f247fc2b,train,0,0.0003453980607446283,0.3208204507827759,0.4999980926513672,0.00020342697098385543,0.6809291839599609
1083e3f116530016,train,1,0.9999728202819824,3.2887553516047774e-06,7.889293556218036e-06,7.48462334740907e-05,0.002864491892978549
9391282a879cbd76,train,0,1.2320901987550315e-05,1.012999018712435e-05,0.00012339458044152707,0.00012339411478023976,0.0305180661380291
723c290f793d9c5d,train,1,0.9997015595436096,1.0467422484339295e-08,7.889262633398175e-06,9.931211764069303e-08,0.22803857922554016
e6d1b01aaca6fcbb,train,0,0.0003799138648901135,2.2603328488912666e-06,3.7266393064783188e-06,0.0031726830638945103,0.6913812756538391
17f6bbe8ede80544,train,1,0.9999876022338867,6.144174221844878e-06,3.7266534036461962e-06,0.006692850962281227,0.7100982069969177
e32e92f81e206f46,train,1,0.9994680285453796,0.0015011822106316686,1.3007128472963814e-05,0.07585817575454712,0.983711302280426
e2bb221b28cb7ed2,train,1,0.9996976852416992,7.48462334740907e-05,2.1024492014021234e-07,0.001501187914982438,0.9943943023681641
5f7eed3a4712a862,train,1,0.9990571141242981,0.029312124475836754,3.4663264614209766e-07,0.22270014882087708,0.7872516512870789
bc486e30c976824c,train,1,0.9988526105880737,6.475935947491962e-07,2.3355974931860146e-09,0.008577484637498856,0.6002102494239807
4b145ea2da31033a,train,1,0.9996391534805298,1.6373769540223293e-07,3.4663460724004835e-07,1.5534978956566192e-06,0.007502817548811436
446d069771caf498,train,1,0.9997773766517639,0.0015011822106316686,1.012999018712435e-05,0.014063626527786255,0.6673532128334045
6c67549489be49a1,train,0,1.4462127637671074e-06,0.00033535013790242374,1.1253580112224881e-07,4.7851040108071174e-06,0.004067790228873491
0fe78d15fefbc2f8,train,1,1.0,5.829126530443318e-05,0.014063573442399502,0.04742587357759476,0.9055536389350891
3594a6e56c040412,train,0,0.0003968575329054147,0.09534913301467896,0.7310570478439331,0.005220125894993544,0.02009746991097927
3d9454024e003dd4,train,1,0.9999462366104126,0.00020342697098385543,0.00026119130779989064,0.01798621006309986,0.5321909785270691
accdfa4d76e3740a,train,1,0.9999994039535522,0.001169505761936307,7.889293556218036e-06,0.001501176506280899,0.18987953662872314
ae787a9c416a2c3c,train,0,0.00022107527183834463,0.022977370768785477,2.7535692424862646e-05,1.209863398798916e-06,0.011731083504855633
2955d743e96cb354,train,0,0.00042272903374396265,0.0019267346942797303,0.0011695147259160876,0.01798621006309986,0.7047988772392273
011b2a858883998f,train,1,0.9994895458221436,0.000552778597921133,0.0011695101857185364,5.829126530443318e-05,0.9536409378051758
c5545dfb9efc98e5,train,0,0.00016362298629246652,0.0005527765024453402,0.00015843621804378927,2.7535692424862646e-05,0.0022047460079193115
1110c8c1f235e4c4,train,1,0.9998608827590942,3.7266393064783188e-06,4.3634953428295375e-09,0.022977370768785477,0.04505899176001549
4088b0774c14c2d3,train,1,0.9998502731323242,9.931174105304308e-08,2.561282371971174e-06,0.0004305570910219103,0.016515269875526428
fbf1d59fbb6d269d,train,1,0.9999868869781494,4.785085820913082e-06,4.7850949158601e-06,5.829126530443318e-05,0.12798456847667694
a337cbbdcd584039,train,1,0.9999898672103882,0.0004305570910219103,6.023596199611347e-08,0.0011695101857185364,0.14671331644058228
779dce24d85ded52,train,1,1.0,2.1024293062055222e-07,2.144503014278598e-05,0.0004305570910219103,0.6936259865760803
142f47cdcdc995c2,train,0,0.000538802589289844,4.785076725966064e-06,3.4663395354073145e-07,0.037326883524656296,0.9991369843482971
10279ea59ac01bc9,train,0,1.3930133718531579e-05,0.0009110547252930701,1.3007128472963814e-05,0.0024726232513785362,0.06323462724685669
3a43165d64935a7b,train,1,1.0,0.01798621006309986,3.535625000949949e-05,0.00015843682922422886,0.9964801669120789
8cc33c966a760a15,train,0,2.7126074201078154e-05,0.022977199405431747,0.005220105871558189,7.484594243578613e-05,0.11897050589323044
92e65dc20e9db92a,train,0,2.6311783585697412e-05,0.18242383003234863,5.715025963581866e-07,0.022977370768785477,0.01912926323711872
6862ea7239a13c5e,train,0,6.568935077666538e-06,0.00026119130779989064,1.3709624226976302e-06,0.00026119028916582465,0.9365624189376831
a76a630a3e3d2f06,train,1,1.0,4.139929643542928e-08,2.699588037557987e-07,3.4663199244278076e-07,0.049843039363622665
fe8070959fe04291,train,0,0.0010719008278101683,1.6373769540223293e-07,4.539786823443137e-05,4.450858739346586e-07,0.05940614268183708
a675762bdd05b24b,train,1,0.9999960660934448,1.6701422282494605e-05,9.931193289958173e-08,3.224192823836347e-08,0.05404863879084587
470cd4a89f32461d,train,1,0.9999045133590698,3.535638461471535e-05,0.6791778802871704,0.006692825350910425,0.9709402322769165
82048c0314a9976d,train,0,0.0005837072967551649,0.22269947826862335,2.260328528791433e-06,0.3775406777858734,0.0020444246474653482
36e1458526f5018f,train,0,0.0008140214486047626,1.2098656725356705e-06,0.00015843621804378927,0.6224583983421326,0.9261286854743958
c1335f7a0a56e742,train,1,0.9999258518218994,5.829126530443318e-05,9.931230948723169e-08,0.01098694372922182,0.007989289239048958
8804bc6ac5cba8cc,train,1,0.9999358654022217,6.475948453044111e-07,0.01098694372922182,0.3208204507827759,0.9043349027633667
0745271dd14fea5c,train,1,0.999755322933197,0.00020342697098385543,1.3440486945626162e-08,0.02931223064661026,0.01147544477134943
346ea930afd216cc,train,0,0.00022549115237779915,5.8291487221140414e-05,0.001501176506280899,0.9820136427879333,0.029407456517219543
572578e117836d49,train,1,0.9999994039535522,0.0007096704212017357,0.04742569848895073,0.022977370768785477,0.9704335331916809
d3915ec1a476e01d,train,0,1.7807771655498073e-05,0.0009110512328334153,1.6701422282494605e-05,0.0007096677436493337,0.0033115444239228964
2f5638688230a4b2,train,1,0.9992386102676392,4.539786823443137e-05,9.610241977497935e-05,0.0031726830638945103,0.9751521348953247
21bbdf97a0c8bda6,train,0,3.416030835978745e-07,2.7535692424862646e-05,1.9555793429049118e-08,5.715015163332282e-07,0.291919469833374
02af88c24974021d,train,1,0.9999970197677612,1.012999018712435e-05,1.6701422282494605e-05,9.610241977497935e-05,0.8476307988166809
53428f8d67b3a047,train,0,0.00029245714540593326,0.0001795300340745598,1.012999018712435e-05,0.004070138093084097,0.0019466738449409604
e3a5d5c7ac8476ec,train,0,9.21553964872146e-06,1.9947297005273867e-06,1.3709624226976302e-06,0.22269880771636963,0.34717369079589844
93b549fc4b5fdc09,train,1,0.9990837574005127,1.6701422282494605e-05,0.06008664518594742,0.9046502113342285,0.972767174243927
32219c71c462acb2,train,1,0.9996621608734131,1.4449801710725296e-07,2.215961636409247e-08,0.0031726951710879803,0.11065089702606201
a15903e7ecdd71dc,train,0,1.3840869542036671e-05,1.6701422282494605e-05,2.69958292165029e-07,0.006692850962281227,0.003598918439820409
41a2155929a68bfe,train,0,7.900708420827129e-10,2.2603242086915998e-06,1.5230037675451058e-08,1.2098680599592626e-06,0.23771275579929352
ecf6d02e7b6dbbd9,train,1,0.9999516010284424,1.012999018712435e-05,2.7535796107258648e-05,9.610241977497935e-05,0.004706354811787605
4d2547631662b82c,train,0,0.00019798097491730005,0.0031726951710879803,3.059039386243967e-07,1.3007128472963814e-05,0.0699244812130928
702994e2eb175ccc,train,1,0.9997830986976624,4.691155552905002e-08,1.3440538459974505e-08,0.006692850962281227,0.21897168457508087
74af5a682c43608c,train,0,2.2593098947254475e-08,9.610279084881768e-05,4.4508675500765094e-07,5.422250524134142e-06,0.046197183430194855
d327c6008dd8efee,train,0,0.00015193129365798086,4.7850949158601e-06,1.2751928579746163e-07,0.11920291930437088,0.001686209230683744
896fffae7aefb0dd,train,0,5.280741333990591e-06,1.1253537479660736e-07,6.023584830927575e-08,0.3208213150501251,0.0005396605120040476
2f0bd01f19a0e2dd,train,0,0.00016059618792496622,0.0004305570910219103,0.01098694372922182,2.561287374192034e-06,0.9771608114242554
d5a038f202717935,train,1,0.9997561573982239,5.829126530443318e-05,5.3158156987365146e-08,0.09534946084022522,0.424407958984375
1447ee8d767eccd0,train,1,1.0,3.059016080442234e-07,7.889293556218036e-06,9.610241977497935e-05,0.9604471921920776
ecdc9a9082d481ec,train,0,2.9594136918831282e-08,2.7535692424862646e-05,4.363478911528773e-09,0.005220125894993544,0.9832335114479065
515ded6a33f2867f,train,1,0.9998655319213867,4.539769361144863e-05,0.0015011822106316686,0.3775379955768585,0.2615000009536743
b91eb9ef2969bfbd,train,1,0.999998927116394,1.637373827634292e-07,2.2603242086915998e-06,3.6534821390432626e-08,0.9681904315948486
cdd15d8c9b7947f8,train,0,2.0213654750023125e-08,0.0007096731569617987,1.1861210680308432e-08,5.043503392698767e-07,0.07823442667722702
1046543864deff60,train,0,0.0007108535501174629,0.00015843621804378927,2.2159573731528326e-08,0.008577484637498856,0.0035333274863660336
d323ba62f20e9461,train,0,8.49769203341566e-05,0.9706876873970032,5.043474402555148e-07,0.0031726830638945103,0.9930082559585571
842eeea3780a14ad,train,1,0.9997023940086365,1.3007128472963814e-05,6.825641918339898e-08,0.0019267346942797303,0.6124739646911621
e4e89fce7e85e006,train,0,2.4912955268519e-05,4.363462480228009e-09,4.139929643542928e-08,2.7535796107258648e-05,0.8216451406478882
b3b784be8eaada5d,train,0,1.5611174575269615e-08,0.14804719388484955,2.1444948288262822e-05,0.0019267346942797303,0.09587462991476059
7ed7d3ae28a68f6c,train,1,0.9999997615814209,3.0590220490012143e-07,3.7266534036461962e-06,2.56127759712399e-06,0.9760043621063232
d09fd407b059af9c,train,0,0.00015416156384162605,0.0011695147259160876,2.511013441619525e-08,0.14804719388484955,0.047132037580013275
ad3696ff38c809c1,train,1,1.0,7.734406182180464e-08,2.144503014278598e-05,0.0004305570910219103,0.9429242610931396
f1867b97d227e04a,train,1,0.9987592697143555,0.00012339458044152707,1.7257894668887275e-08,0.09534913301467896,0.943150520324707
167c1e6606d7e73b,train,0,0.0002765605167951435,0.00407018419355154,4.944459952582747e-09,0.18242496252059937,0.001130468095652759
3b43757de39e1cf3,train,0,0.00020943210984114558,1.994744707189966e-06,9.610279084881768e-05,0.14804719388484955,0.0008517609676346183
84af3834c359486a,train,0,8.551707537662878e-07,0.01098694372922182,1.637383206798404e-07,0.01798614300787449,0.029873941093683243
ba4d4d8cbadef275,train,1,1.0,3.535625000949949e-05,0.8175738453865051,0.014063626527786255,0.9831845164299011
08fc38a68c776c17,train,1,0.9999366998672485,1.760343138812459e-06,0.00020342697098385543,0.0004305570910219103,0.06545743346214294
7d88ac0cc59de1e8,train,0,0.00010222788841929287,0.00026119028916582465,8.152067465516666e-09,0.00033534885733388364,0.16756387054920197
49ae976a92f6fee7,train,0,5.7598276725912e-07,0.037326883524656296,9.237484555058018e-09,0.00026119130779989064,0.981403112411499
255b10d52dfba01c,train,0,0.00041298940777778625,0.029312124475836754,6.144174221844878e-06,0.0009110512328334153,0.09866444766521454
107d11da926f20a0,train,0,0.00010062952060252428,0.008577518165111542,9.237467679668043e-09,0.11920291930437088,0.001419362029992044
b3edcfebf76eff29,train,0,0.0002311669959453866,1.2751904421293148e-07,4.785113105754135e-06,0.006692825350910425,0.0052680061198771
9d0075bed71007d9,train,0,5.159559805179015e-05,1.9947297005273867e-06,4.4508928453979024e-07,0.11920253187417984,0.9094840288162231
e4b3e0c89b1c2059,train,0,8.059263478799039e-08,7.48468009987846e-05,7.484651723643765e-05,0.0024726137053221464,0.17844532430171967
00f3df54518bf59f,train,0,0.00014304774231277406,0.0005527806933969259,5.715036763831449e-07,0.0024726232513785362,0.9172976613044739
a2a88e945e1a4276,train,1,1.0,5.715004363082699e-07,0.9626729488372803,2.9023121896898374e-06,0.9982070922851562
9976d19bbcc1509c,train,0,7.352673856075853e-05,0.022977370768785477,6.023596199611347e-08,0.0007096704212017357,0.0029788296669721603
c5ef2982dd9f2f9d,train,0,0.00019347974739503115,0.00020342774223536253,0.000552778597921133,0.06008664518594742,0.02104177698493004
cf07e3f72ad24517,train,0,1.519705686975608e-14,0.0005527806933969259,1.0467442024264528e-08,1.012999018712435e-05,0.6960729360580444
ffbb262d79ffa406,train,1,0.9999593496322632,0.3208204507827759,0.9959297776222229,0.060086436569690704,0.9665747880935669
6a603b12af80d609,train,0,1.5500880863328348e-06,1.0677008503989782e-06,6.475972895714222e-07,0.3208204507827759,0.980583906173706
da90948e1fbcd216,train,0,4.3826181354233995e-05,0.0011695101857185364,0.00020342697098385543,0.006692850962281227,0.009397001005709171
a5030cbf038254f2,train,1,0.9999960660934448,0.09534880518913269,0.06008664518594742,0.9525739550590515,0.996711254119873
054b2be3293fc55d,train,1,0.9996271133422852,2.5109942569656596e-08,3.4663329984141455e-07,5.829126530443318e-05,0.030540771782398224
89d1835a091f20c4,train,0,0.00024012672656681389,0.006692850962281227,1.3007128472963814e-05,0.0004305570910219103,0.1454126536846161
57eb4886302b7d7d,train,1,0.9999854564666748,0.11920253187417984,0.0015011822106316686,0.924141526222229,0.9952966570854187
b1cf0be53c4c14b6,train,1,0.9999165534973145,9.610241977497935e-05,1.8554015923655243e-07,0.00020342619973234832,0.9923442006111145
725f7d8666f0a23d,train,0,4.055163174143672e-07,2.3823645278753247e-07,1.8189755257580487e-09,0.0007096677436493337,0.0009292291942983866
585ce41e75da3133,train,0,1.4337394532049075e-05,1.3007128472963814e-05,3.65348924447062e-08,0.09534946084022522,0.41529959440231323
6847f35badd51605,train,1,0.9999995231628418,4.539786823443137e-05,0.00012339458044152707,1.7603398418941651e-06,0.9989191293716431
98da2aa40eb75a68,train,1,0.9989514350891113,0.004070160444825888,8.152036379271976e-09,0.09534913301467896,0.000724082172382623
71e2fa66fe243aa3,train,0,1.0934188594546868e-06,0.00012339504610281438,7.889293556218036e-06,0.008577484637498856,0.9613606333732605
f05934cf6c3d7b71,train,0,0.0002559305285103619,9.422428206562472e-07,6.475948453044111e-07,0.037326883524656296,0.745374321937561
caf6bb1f44625ea5,train,0,7.486456888727844e-05,0.11920291930437088,1.1861142290570115e-08,0.0024726232513785362,0.1755196750164032
730081c8c621a9bd,train,0,0.002153861802071333,0.499999076128006,4.691182198257593e-08,0.006692850962281227,0.0023268673103302717
fbbd71906a82a6e2,train,0,0.00019053791766054928,0.0015011822106316686,5.715015163332282e-07,7.48462334740907e-05,0.9125751256942749
145137ac827ac729,train,1,0.999991774559021,5.043474402555148e-07,3.535625000949949e-05,2.1024293062055222e-07,0.9962284564971924
86629c5a5e1a03c7,train,0,3.4658703953027725e-05,1.2098656725356705e-06,0.0031726830638945103,0.0011695101857185364,0.9478744268417358
a1261aa5cf965056,train,1,0.9995192289352417,9.237467679668043e-09,3.850741947530878e-09,3.726617933352827e-06,0.03767799958586693
d7ed9a8bfbc0c424,train,1,0.9985515475273132,1.9555644215074608e-08,4.691164434689199e-08,6.023573462243803e-08,0.9949759244918823
7aac79a6a1938a97,train,0,8.134913400681398e-07,0.022977370768785477,1.3709624226976302e-06,8.939729923440609e-06,0.9352729320526123
699796f60ad13407,train,0,0.0003178340557496995,1.300717758567771e-05,0.09534913301467896,0.022977370768785477,0.01040912326425314
4709f9f9ac2aedc7,train,1,0.9999924898147583,1.2751904421293148e-07,0.14804671704769135,0.0019267346942797303,0.9830559492111206
0e3cc590a9b820c9,train,0,1.1201696906937286e-05,0.0004305554321035743,6.348800152267131e-09,4.222849838697584e-06,0.13261975347995758
ea5ed51346513eef,train,0,0.0003151576383970678,0.0031726830638945103,0.037326883524656296,0.06008664518594742,0.9904984831809998
ed1510f0c8204c8d,train,1,1.0,7.734421103577915e-08,0.060086436569690704,2.7535692424862646e-05,0.9925730228424072
f594932624c59dac,train,0,0.0005385066033340991,1.209863398798916e-06,9.610279084881768e-05,1.3007153029320762e-05,0.08563496172428131
d3bb29d15b15e650,train,0,0.0002178312570322305,5.043464739173942e-07,2.260328528791433e-06,0.001501176506280899,0.08579713851213455
e73f13aeeddda77a,train,0,5.148333730176091e-05,7.889262633398175e-06,1.3440512702800333e-08,0.0009110477985814214,0.9955486059188843
5b87f62f4cf46746,train,0,0.000955469673499465,1.370957193103095e-06,1.7257926643310384e-08,5.422219146566931e-06,0.992972731590271
12bc59109b4c465d,train,1,0.9998537302017212,2.8453294831365383e-08,1.3440383916929477e-08,7.734406182180464e-08,0.36530816555023193
ed0cea2e10222017,train,1,0.999991774559021,0.11920253187417984,6.144197413959773e-06,0.0019267273601144552,0.03045811876654625
d416537c0a5a555b,train,0,0.0001479687780374661,7.889262633398175e-06,7.734465157227532e-08,0.004070153459906578,0.01872919872403145
d3a7890d6501b682,train,0,5.652078458040499e-11,9.422445828022319e-07,2.845345647983777e-08,2.2603198885917664e-06,0.003647874342277646
6e8aa1bffce5aeb8,train,1,1.0,1.637373827634292e-07,2.64658894799652e-09,0.01098694372922182,0.9957438111305237
9641eae7a629bf06,train,1,0.9999984502792358,1.7603398418941651e-06,0.9399129152297974,0.6791778802871704,0.9805514812469482
ea7111591438a58d,train,1,1.0,0.0007096677436493337,0.00012339458044152707,5.315775553071944e-08,0.5111153721809387
71ae2c82c0f70962,train,0,0.00019844439520966262,1.8554156611116923e-07,8.31532759093534e-07,0.18242496252059937,0.10185287892818451
1e68b029be170d86,train,0,0.0005229363450780511,7.484651723643765e-05,2.5110086454560587e-08,0.09534946084022522,0.00466667115688324
b59fdf7e2886a18c,train,0,5.296495510265231e-05,0.000552778597921133,0.014063573442399502,0.04742569848895073,0.9891219735145569
cbd28c94b1ae77f2,train,0,6.400394103600604e-11,0.0031726951710879803,0.02931223064661026,0.006692825350910425,0.0019838467705994844
6e725678fb46b9d6,train,1,0.9991412162780762,1.1861120086109622e-08,2.335601934078113e-09,3.4663329984141455e-07,0.9889391660690308
1e28d1b6f2da97a4,train,1,0.9999998807907104,2.1444948288262822e-05,2.7535692424862646e-05,3.0590220490012143e-07,0.9938691258430481
c09f755b9f878a82,train,1,0.9999834299087524,0.00012339411478023976,4.944459952582747e-09,0.0019267346942797303,0.9521173238754272
89851efc81e0eaf6,train,0,0.00010202415433013812,1.6701422282494605e-05,9.422481639376201e-07,0.022977370768785477,0.8900696039199829
eac2728596e6a0fc,train,0,1.0491932698641904e-05,3.4663264614209766e-07,8.764247638737288e-08,3.0590220490012143e-07,0.43782779574394226
6976370d6c0e70bd,train,0,9.003909326565918e-06,2.7535692424862646e-05,0.01798614300787449,0.851952850818634,0.8931484222412109
1919290f9870329b,train,0,0.0004536211781669408,4.691164434689199e-08,0.00012339504610281438,1.6701422282494605e-05,0.13466022908687592
dc4308d13cb90186,train,0,1.0904535940881033e-07,1.760343138812459e-06,1.186118758766952e-08,8.315311674778059e-07,0.04174432158470154
42c00754b6aa5062,val,1,0.9999978542327881,0.14804671704769135,7.194160822621143e-09,0.0024726232513785362,0.07395755499601364
6601f86856e64277,val,0,0.006158112082630396,2.7535692424862646e-05,1.0130030204891227e-05,0.0004305570910219103,0.6607414484024048
a0becbb8e45495d8,val,1,0.0019437845330685377,4.450850212833757e-07,4.691182198257593e-08,0.004070138093084097,0.005619877018034458
afd90277b24d2096,val,0,5.706633601221256e-07,0.022977370768785477,1.760343138812459e-06,0.006692825350910425,0.036033257842063904
1e3cc1614bbc00a2,val,0,1.0732914113020797e-08,1.6373769540223293e-07,0.07585817575454712,0.0040701222606003284,0.13750305771827698
715dbcc8067f1fe3,val,0,0.0014482958940789104,2.1024332852448424e-07,1.0130030204891227e-05,2.699572689834895e-07,0.002676629461348057
fdaa0909b2f460e1,val,0,1.5901019651209936e-05,2.2603544493904337e-06,3.4663329984141455e-07,0.437821626663208,0.0004734875401481986
6bafa5c00150a324,val,0,0.0020978054963052273,0.03732675313949585,7.48462334740907e-05,0.060086436569690704,0.005855471361428499
726b1ede66eb4372,val,0,3.0224950023693964e-05,0.00020342697098385543,3.3982872071902648e-09,2.3823690753488336e-07,0.6524847745895386
ace1cfb46c82e778,val,1,0.008465096354484558,7.48462334740907e-05,8.764281744788605e-08,0.03732675313949585,0.003935222979635
8f4f2690970a760a,val,0,0.17085139453411102,2.2603242086915998e-06,1.3440512702800333e-08,4.539786823443137e-05,0.3051535189151764
e7a157f2b9887d02,val,0,0.001622930751182139,1.2751904421293148e-07,3.535638461471535e-05,0.008577484637498856,0.036716707050800323
38f1f31066141a24,val,0,0.988800048828125,7.48462334740907e-05,1.2098656725356705e-06,0.18242496252059937,0.9908028841018677
c5b90f238d07c4c7,val,0,0.37972667813301086,7.889262633398175e-06,3.7266534036461962e-06,0.04742587357759476,0.9787848591804504
793c74ba40656573,val,0,0.3859306871891022,1.7257828943684217e-08,0.9933071732521057,7.484594243578613e-05,0.8882222175598145
873f84daafe2983b,val,0,1.6608964870101772e-05,0.0007096704212017357,2.845345647983777e-08,2.1444948288262822e-05,0.014567101374268532
caf341ee6f369028,val,0,0.83635014295578,0.18242551386356354,0.01798621006309986,0.006692850962281227,0.5207616686820984
1d89cb0425daf3c3,val,0,1.6528477475574732e-09,0.7772998809814453,0.01098694372922182,1.3007128472963814e-05,0.03618733584880829
d80fd4af5ca23a2a,val,1,0.9999998807907104,0.0031726830638945103,0.022977370768785477,0.000552778597921133,0.9945336580276489
b14907a52461afe5,val,1,0.2702817916870117,0.9996646642684937,3.224205258334223e-08,0.00015843621804378927,0.0027193408459424973
40a811e446917227,val,0,0.001698805601336062,1.012999018712435e-05,0.777299165725708,0.0004305570910219103,0.9596979022026062
ae999db9dc40a418,val,0,1.3809601568937069e-06,6.144174221844878e-06,0.00012339458044152707,0.14804719388484955,0.9959883093833923
b0e45d491f1810e9,val,0,5.845629402756458e-07,7.889262633398175e-06,3.4663395354073145e-07,9.422481639376201e-07,0.21196343004703522
52ad1228d270dae7,val,0,0.14583511650562286,0.0024726232513785362,1.7257926643310384e-08,0.00012339458044152707,0.1137307658791542
1eb6816986502070,val,0,0.5631955862045288,2.144503014278598e-05,1.3007128472963814e-05,0.00026119028916582465,0.7164633870124817
03edbf4896534341,val,0,2.3704692466708366e-06,0.00015843621804378927,2.7535692424862646e-05,0.00033534885733388364,0.020096320658922195
bcc6ca853f4bb6e7,val,0,0.003342069685459137,0.0024726232513785362,0.0005527806933969259,0.3775406777858734,0.5011622309684753
00659035251750ce,val,0,7.84373696660623e-05,0.060086436569690704,0.9999417066574097,0.18242551386356354,0.7750676274299622
e74fe36c1872bc17,val,1,1.0,6.144174221844878e-06,9.23753873394162e-09,0.04742587357759476,0.9015268087387085
22153c003030192f,val,0,0.04983650892972946,0.00020342697098385543,1.300717758567771e-05,0.00033535013790242374,0.019794026389718056
0d33fc977642545d,val,1,0.9997538924217224,6.475960390162072e-07,9.610241977497935e-05,4.450841970538022e-07,0.9971739053726196
29e15b8f203b1e4a,val,1,1.0,2.1024332852448424e-07,0.9525739550590515,0.005220125894993544,0.9980269074440002
03f0188dcffcbf2e,val,0,0.00010421124170534313,7.889262633398175e-06,0.0015011822106316686,0.0019267273601144552,0.02321595326066017
393d3ee07fd5263b,val,1,0.0010204589925706387,0.00015843621804378927,1.8189650896616172e-09,6.962243332964135e-06,0.356560617685318
c29762078ddc7015,val,1,0.9999994039535522,1.8553875236193562e-07,2.144503014278598e-05,0.0024726137053221464,0.9984941482543945
5b403a10b7cabfe7,val,1,0.9126185178756714,2.7535796107258648e-05,0.9241412878036499,0.0024726232513785362,0.9965283274650574
0d1ab62ac29ae4b8,val,0,5.572080019611292e-10,0.0007096704212017357,1.186118758766952e-08,0.00033535013790242374,0.17785421013832092
0f81ea7ab3207805,val,0,0.0002174940163968131,0.0024726232513785362,1.7257926643310384e-08,5.829126530443318e-05,0.11258678138256073
f9cc70266b52685d,val,0,0.08866936713457108,6.144174221844878e-06,0.0004305570910219103,2.7535692424862646e-05,0.32232362031936646
fea19525a044f111,val,1,0.9999901056289673,0.0031726586166769266,0.9046492576599121,0.010986901819705963,0.9953787326812744
e1e06317fff283ce,val,1,0.9999985694885254,0.00015843621804378927,0.001169505761936307,0.00020342697098385543,0.9970247149467468
1c8f33335f72dfa1,val,1,0.6065899133682251,0.0002611892996355891,0.9959297776222229,0.02297728694975376,0.9994365572929382
df9a2a919a5cf33c,val,1,0.9999997615814209,2.2603198885917664e-06,1.3007128472963814e-05,1.4449828711349255e-07,0.9728235602378845
e3d6c16f7d7f90cb,val,1,0.9997983574867249,6.825602838489431e-08,4.691173316473396e-08,1.1861142290570115e-08,0.8978073000907898
3cec45d67f6d0f85,val,1,0.9999934434890747,7.48462334740907e-05,6.023584830927575e-08,4.539786823443137e-05,0.9953267574310303
7810191e83c2a650,val,1,0.9998776912689209,0.09534946084022522,0.8807966709136963,0.9890130758285522,0.8175534009933472
00e331c0fc7019b8,val,0,0.8771539926528931,0.851952314376831,3.65353116649203e-08,0.000552778597921133,0.19831588864326477
ce8645740b9c0ee6,val,1,1.0,3.535625000949949e-05,0.06008664518594742,0.9626729488372803,0.9230414628982544
a7012e3481985560,val,1,0.99992835521698,0.14804671704769135,4.5398039219435304e-05,0.499999076128006,0.9594535827636719
4c4575c188d9afd3,val,0,0.03256514295935631,0.001501176506280899,3.6535034553253354e-08,0.00010889690747717395,0.009226725436747074
9b49ee753940f6c5,val,1,0.9999988079071045,2.9023065053479513e-06,0.9046502113342285,0.01098694372922182,0.9301626682281494
1f79e47b2d6a1dfb,val,1,0.9976415634155273,0.00012339458044152707,0.0011695147259160876,0.00012339411478023976,0.34897950291633606
82e467cb9505a20b,val,0,0.01814146712422371,0.0007096704212017357,9.610279084881768e-05,0.014063626527786255,0.9745396375656128
2e1ade0eb53e930d,val,0,0.1451684981584549,0.006692876573652029,4.5398039219435304e-05,0.00026119130779989064,0.9182446002960205
ac714693a12d60fb,val,0,0.00011872399045387283,0.001501187914982438,4.139961262694669e-08,4.2228334677929524e-06,0.9622960686683655
2419fc0caeaacb79,val,1,0.3377038836479187,3.535625000949949e-05,1.5230067873517328e-08,0.022977370768785477,0.9991269707679749
0c39783fcb960004,val,1,0.7425519227981567,0.02931223064661026,0.5621755123138428,0.5621736645698547,0.003319728886708617
213eaaadd02fd581,val,0,0.0021145681384950876,5.3157954482685454e-08,1.6052433826629908e-09,1.1478724445623811e-05,0.8123995661735535
40a9d3ecfc04bcd3,val,1,0.9999998807907104,6.475935947491962e-07,0.22269947826862335,5.715004363082699e-07,0.9889450669288635
7c7e09b7e47512c3,val,1,0.00023505152785219252,4.139929643542928e-08,2.3823828598779073e-07,0.0024726232513785362,0.013928447850048542
fbae5bdf17d5fdf9,val,0,0.002233690582215786,0.005220105871558189,0.9046498537063599,2.7535692424862646e-05,0.9816789031028748
4758c41c7164d426,val,0,0.006285998970270157,3.535638461471535e-05,1.1861232884768924e-08,0.008577484637498856,0.056537918746471405
77dce9b21d15c08f,val,1,1.0,0.00015843621804378927,0.18242496252059937,5.829126530443318e-05,0.8928985595703125
16d4d564fc936581,val,0,0.402859628200531,0.0004305570910219103,6.144197413959773e-06,0.04742587357759476,0.17951911687850952
699e2ac8307c2ad1,val,1,0.00010611593461362645,1.7257795192904268e-08,3.7266393064783188e-06,6.82561633880141e-08,0.9782309532165527
c6393a6cdcadf4a9,val,1,0.9999938011169434,6.144162398413755e-06,0.9968273043632507,0.00033535141847096384,0.9988993406295776
49d261208d080c4e,val,1,1.0,4.450850212833757e-07,2.7535692424862646e-05,1.670148594712373e-05,0.8710656762123108
89ae87b21af6dc3c,val,1,0.027362080290913582,7.889262633398175e-06,5.715015163332282e-07,0.037326883524656296,0.4763356149196625
bd33a75f47e66b01,val,1,0.9997157454490662,5.043474402555148e-07,0.010986901819705963,0.00020342697098385543,0.04045240581035614
1ee2eaa03a4338e1,val,1,0.9422056674957275,8.764247638737288e-08,4.450858739346586e-07,1.3007128472963814e-05,0.08515392243862152
9b328a9056ddb4c3,val,1,0.99992835521698,0.0011695101857185364,9.610279084881768e-05,0.03732675313949585,0.913914144039154
40df5daeba6bf2c9,val,1,0.998956561088562,2.7535692424862646e-05,0.0024726232513785362,0.9770225286483765,0.9941904544830322
5c1ebfdd939e5fd8,val,1,0.9993757605552673,0.3775397837162018,6.348848113901795e-09,0.02931223064661026,0.002041781321167946
724abab081ba69b2,val,0,7.604112852277467e-06,0.0011695101857185364,4.139953446724576e-08,3.535625000949949e-05,0.7208029627799988
8c9a59bdb5699a4c,val,0,6.339657271370314e-11,0.3208196461200714,3.224186784223093e-08,0.00033535013790242374,0.020575573667883873
e4d30e95366bf329,val,1,0.009635968133807182,3.7266393064783188e-06,8.764281744788605e-08,0.060086436569690704,0.003458640770986676
b7a5f2f9ddee43ef,val,1,0.5039764046669006,0.004070138093084097,2.215961636409247e-08,0.0015011822106316686,0.4520050287246704
0560136037be1a9c,val,1,1.0,3.726624981936766e-06,2.3823737649308896e-07,6.023573462243803e-08,0.9389603734016418
b492c7788ccb84d8,val,1,1.0,2.1444948288262822e-05,0.0009110512328334153,1.0677028967620572e-06,0.8680525422096252
401bd79413f8fcaa,val,1,1.0,4.450858739346586e-07,1.3007128472963814e-05,1.5229980832032197e-08,0.015938639640808105
decd0af3b8085c91,val,0,0.0001560394885018468,0.001501199440099299,2.2603328488912666e-06,0.0031726830638945103,0.9926211833953857
930ed635d05cd06f,val,0,4.225958818993014e-11,0.0009110512328334153,5.315805751138214e-08,6.144174221844878e-06,0.001517269411124289
927edae3d090dc2f,val,1,0.999914288520813,0.014063522219657898,9.422481639376201e-07,0.0004305570910219103,0.0033689008560031652
4a3717ffbc76023d,val,0,0.011085116304457188,0.006692850962281227,9.237484555058018e-09,0.02297728694975376,0.011205709539353848
f197082fd59ac64e,val,0,0.007496947888284922,5.714993562833115e-07,6.144197413959773e-06,0.01098694372922182,0.9984379410743713
2d5775a9d87c83f9,val,1,1.0,9.422464017916354e-07,0.006692850962281227,4.539786823443137e-05,0.4091391861438751
8e135fdbf4c7f5ed,val,0,0.8291113376617432,0.00012339458044152707,2.1024372642841627e-07,0.0015011822106316686,0.14036521315574646
96978becd30b6f5d,val,1,0.9999927282333374,3.059016080442234e-07,2.7535692424862646e-05,7.338196041928313e-07,0.9957679510116577
5b90fed3760759a9,val,0,0.22721248865127563,0.037326883524656296,2.144503014278598e-05,0.0009110512328334153,0.006231886334717274
3f4632ff11abe2df,val,0,4.74301441499847e-06,0.06008664518594742,0.008577484637498856,0.0009110512328334153,0.9986366629600525
cee7f4f2ee9bdc18,val,1,1.0,7.734436024975366e-08,4.539786823443137e-05,4.139937814784389e-08,0.9981984496116638
a2a25b69067a9a3d,val,1,0.06989700347185135,1.012999018712435e-05,2.5110038492925923e-08,0.004070138093084097,0.0012193411821499467
d0912b2394999022,val,1,0.999984860420227,1.2098656725356705e-06,0.00033535013790242374,2.3823645278753247e-07,0.9968926906585693
050180a40b742b56,val,0,0.00010277436376782134,0.9988304972648621,1.9555830732542745e-08,2.7535796107258648e-05,0.20554673671722412
a652c434cc68667d,val,1,0.9999998807907104,0.0011695101857185364,0.03732675313949585,0.037326883524656296,0.9885513186454773
bdaad18923a33878,val,0,0.05396426096558571,4.691155552905002e-08,1.5534978956566192e-06,0.0007096623303368688,0.9075546264648438
cff11b0038c7eef7,val,0,0.00027816512738354504,0.0015011822106316686,1.1253624165874498e-07,0.0011695101857185364,0.9945878982543945
1b32b751ab31d9ce,val,1,0.9999998807907104,4.7850949158601e-06,1.1253558795942809e-07,0.06008664518594742,0.8679249286651611
e4b2779d67e83eab,val,1,0.28368404507637024,3.9278546637433465e-07,0.3775397837162018,0.014063626527786255,0.0722813531756401
9d9956ba76695f30,val,1,0.33470210433006287,1.186109788164913e-08,0.004070138093084097,7.48462334740907e-05,0.5738672018051147
8e852855791c74f5,val,1,1.0,9.610241977497935e-05,0.4999980926513672,2.1444948288262822e-05,0.9331998229026794
5e330ab712f89eca,val,0,5.853580660186708e-05,0.0019267346942797303,0.0004305587208364159,0.0009110512328334153,0.058003708720207214
e8299732cebf79bb,val,1,0.9999991655349731,0.0024726232513785362,0.00020342697098385543,1.760343138812459e-06,0.7894680500030518
6610e326d4a5a093,val,1,0.9999353885650635,0.18242496252059937,7.48462334740907e-05,0.0031726707238703966,0.9978892207145691
1130ad69b4ee9bfc,val,1,0.9399226903915405,0.0005527765024453402,2.8453348122070565e-08,2.3823737649308896e-07,0.9985585808753967
60834d58b47fcb19,val,0,1.626578836066983e-07,0.00015843621804378927,5.8291487221140414e-05,0.001501176506280899,0.02277962490916252
9b912aa61c991a92,val,0,0.0011502474080771208,9.422445828022319e-07,4.691182198257593e-08,0.0015011822106316686,0.06677000224590302
038c7f938fada310,val,1,0.9965808987617493,0.07585817575454712,1.8553946290467138e-07,0.0015011822106316686,0.001850667642429471
211058445ea4abb8,val,1,1.0,2.510999053129126e-08,2.5110038492925923e-08,2.215953287532102e-08,0.9965914487838745
423e9a346472d616,val,1,0.9952076077461243,1.3440383916929477e-08,0.0004305570910219103,0.0009110547252930701,0.26214107871055603
4c9589833fc8261d,val,0,0.000568663701415062,0.0004305570910219103,3.7266534036461962e-06,0.004070138093084097,0.020623084157705307
996794156d037624,val,1,0.9999773502349854,1.7603364312890335e-06,1.955575612555549e-08,1.760343138812459e-06,0.9973492622375488
0b4af8bdeb1e1854,val,0,0.0012040352448821068,0.001501187914982438,2.64658894799652e-09,0.0007096704212017357,0.2613150477409363
ff511b95c66664ca,val,1,1.5901019651209936e-05,3.535652285791002e-05,1.5230067873517328e-08,0.14804671704769135,0.0004264710587449372
07ea4fe500a1aa66,val,0,0.001838961965404451,0.004070138093084097,1.760343138812459e-06,0.11920253187417984,0.29177606105804443
59ea784e4d43dd35,val,1,0.8803094029426575,6.475948453044111e-07,2.102441243323483e-07,0.09534913301467896,0.9975494742393494
bf321463b0c91bcb,val,0,6.023395258125674e-07,2.753558692347724e-05,7.33823810605827e-07,0.00012339504610281438,0.9966862797737122
db18411f4c49319e,val,1,0.9999344348907471,0.5621755123138428,1.3709624226976302e-06,0.04742587357759476,0.9976561069488525
b888a9cc820a11f4,val,0,9.395111192134209e-06,0.001169505761936307,0.9914224743843079,0.03732675313949585,0.24922281503677368
0d0dec76e6bb8682,val,1,1.0,8.152036379271976e-09,1.6701422282494605e-05,2.8453294831365383e-08,0.9767493009567261
0ac9b7221b8c747b,val,1,0.9999986886978149,2.7535692424862646e-05,0.9890130758285522,4.539786823443137e-05,0.8929159641265869
5d477da5f69aa1ba,val,1,0.9998669624328613,0.5621755123138428,0.8807963132858276,0.0015011822106316686,0.9928880333900452
9b43218830066855,val,0,0.00016590554150752723,6.023562093560031e-08,2.144503014278598e-05,0.7310547828674316,0.0490301176905632
175c66563a7b3f15,val,1,0.9999988079071045,4.139929643542928e-08,2.9023231036262587e-06,0.00033534885733388364,0.03348290175199509
d2648fe8a45b8aec,val,1,1.0,0.0019267346942797303,0.0011695101857185364,0.0015011822106316686,0.4774716794490814
c205a802c5fc9ed5,val,1,0.01312271598726511,0.2689414322376251,0.9999039173126221,0.07585790753364563,0.06559174507856369
3556cb12e7bc4b53,val,0,0.763144850730896,5.829126530443318e-05,1.3007128472963814e-05,0.00026119028916582465,0.0014263393823057413
1da7d3290b800388,val,1,1.0,7.889262633398175e-06,1.670148594712373e-05,0.0011695101857185364,0.9891856908798218
be65dfff9117525d,val,0,2.1164016743568936e-06,1.6701422282494605e-05,0.00026119028916582465,0.0004305570910219103,0.0482390932738781
9f638aed701d7d23,val,1,0.9999990463256836,2.561282371971174e-06,0.00012339458044152707,6.475935947491962e-07,0.9459531903266907
994175a8545eceb0,val,0,0.122251495718956,3.535678843036294e-05,2.2603328488912666e-06,0.0007096704212017357,0.015079841017723083
521286734002d262,val,0,2.7132595278089866e-05,2.7535692424862646e-05,9.610241977497935e-05,2.69958292165029e-07,0.8289266228675842
288c100010e461b8,val,1,0.9999254941940308,4.7850949158601e-06,3.653496349897978e-08,0.04742587357759476,0.9896984696388245
facdc410ca9e54d2,val,1,1.0,0.014063573442399502,0.02931223064661026,0.11920291930437088,0.9947159886360168
b12659698dba4e17,val,0,7.354776698775822e-06,0.0031726830638945103,0.00020342774223536253,0.0019267346942797303,0.006204129196703434
48d0549e3afa169a,val,1,0.9966212511062622,9.931193289958173e-08,0.0004305570910219103,0.9626729488372803,0.1937166154384613
997e6e523c7e41f6,val,0,6.395083573806915e-08,0.00026119028916582465,2.845351154689979e-08,5.8291487221140414e-05,0.05123770609498024
016fdd359d44d258,val,0,0.13302908837795258,5.8291487221140414e-05,4.139953446724576e-08,0.006692850962281227,0.025927813723683357
7e59fc41d01dbd9b,val,1,1.0,2.8453348122070565e-08,7.734421103577915e-08,6.023573462243803e-08,0.8766934275627136
342ea0a4972d2157,val,1,1.0,2.561282371971174e-06,7.889262633398175e-06,2.3823737649308896e-07,0.8885715007781982
8691a64cb221ae01,val,0,4.3057118981337794e-10,0.0019267346942797303,0.00015843682922422886,0.014063626527786255,0.9967097043991089
1e51f3e7c39d1d8b,val,1,0.9999992847442627,6.023573462243803e-08,1.3007128472963814e-05,7.338223895203555e-07,0.9896883964538574
8bd05ae0385043a6,val,0,0.00047709696809761226,0.004070138093084097,7.33823810605827e-07,0.001501187914982438,0.9965617060661316
f87f4deaedeb7721,val,1,0.39503058791160583,0.06008664518594742,3.9278845065382484e-07,0.43782350420951843,0.011843734420835972
2491560dd56bbd1b,val,0,0.0006196898175403476,1.4449773289015866e-07,2.1444948288262822e-05,6.475935947491962e-07,0.8356937766075134
975c4ff084211059,val,0,7.702842452772529e-08,0.022977370768785477,3.398280767896722e-09,0.006692850962281227,0.007869741879403591
66020b3c8df05bac,val,0,2.4520466681280306e-15,0.0019267346942797303,6.348824133084463e-09,1.300717758567771e-05,0.6738708019256592
bd7a94c797947643,val,0,0.4814242720603943,9.610241977497935e-05,4.691182198257593e-08,0.006692850962281227,0.9966171383857727
274e5f0951e0546d,val,1,0.9999982118606567,0.006692850962281227,0.006692850962281227,0.022977370768785477,0.9988387227058411
d2d5913b198c5a88,val,0,0.0002336398756597191,0.0004305587208364159,3.059033701902081e-07,0.2689414322376251,0.0017482010880485177
fd678c1397723a00,val,0,0.00011971267667831853,0.0011695101857185364,0.22269947826862335,0.00033535013790242374,0.9697340726852417
c87a331eb6e163b3,val,1,0.9999939203262329,0.14804719388484955,0.9996646642684937,0.7310578227043152,0.997077226638794
6e379d4c2624db93,val,0,4.1900908399838954e-05,0.004070153459906578,1.670148594712373e-05,7.48462334740907e-05,0.998955488204956
67a5a4fa71621ead,val,0,0.7231500148773193,4.450841970538022e-07,0.0009110512328334153,0.182424396276474,0.023757204413414
9d2a23831760a055,val,1,0.9999533891677856,9.610241977497935e-05,3.398274328603179e-09,0.0019267273601144552,0.31078460812568665
fcb1ad0b28cdc069,val,1,0.999988317489624,6.348800152267131e-09,7.734421103577915e-08,7.889293556218036e-06,0.992846667766571
fa62be6c7d2ea8d3,val,0,0.00012890726793557405,1.209863398798916e-06,1.9555793429049118e-08,0.07585817575454712,0.33561939001083374
003a84d6b59a27e5,val,1,0.9999973773956299,8.764247638737288e-08,9.422445828022319e-07,0.00012339411478023976,0.8865697979927063
5bd0dde5201a0ce3,val,0,0.0011308855609968305,7.48462334740907e-05,4.7850949158601e-06,0.00026119028916582465,0.0866687074303627
0297e782a2fff440,val,0,0.0004459542687982321,0.0007096704212017357,0.000552778597921133,0.008577484637498856,0.0013300249120220542
97d073a56611b6a0,val,1,0.015897221863269806,9.931193289958173e-08,2.1024372642841627e-07,0.0024726137053221464,0.005161826498806477
3bc8f0c741c3f786,val,1,0.9999972581863403,0.005220105871558189,2.3823690753488336e-07,2.3823690753488336e-07,0.42666226625442505
056e7b9ea48784d5,val,0,1.9704008025200892e-07,0.4999980926513672,0.0019267346942797303,0.0040701222606003284,0.0034191219601780176
3b9d19020d075db7,val,0,4.20899803899033e-09,0.014063626527786255,1.8554015923655243e-07,2.7535796107258648e-05,0.5336877703666687
97eb356f57c7d73e,val,1,0.9999988079071045,6.144174221844878e-06,0.9914224743843079,2.9023065053479513e-06,0.9363524913787842
d6b203fb68653a69,val,1,0.9999973773956299,1.670135861786548e-05,0.00012339504610281438,0.02931223064661026,0.9979169964790344
53ceef2005c290fa,val,0,0.5636502504348755,0.008577484637498856,0.001501187914982438,0.0011695101857185364,0.15481752157211304
aed1e494d990bd6d,val,0,0.0036624816711992025,7.48462334740907e-05,9.422481639376201e-07,0.3208213150501251,0.055198099464178085
7d03ee1d54ec017f,val,1,0.38909074664115906,0.0005527806933969259,4.363478911528773e-09,0.000552778597921133,0.002516966313123703
23049905962763eb,val,1,0.9999998807907104,3.7266393064783188e-06,0.006692850962281227,1.2098656725356705e-06,0.9988538026809692
76ab082730c0e28e,val,0,4.560680463328026e-05,2.1444948288262822e-05,1.300717758567771e-05,7.48462334740907e-05,0.23354880511760712
a6659b11590a1d13,val,1,0.9999982118606567,3.059016080442234e-07,5.829126530443318e-05,0.00012339364911895245,0.8834935426712036
24e9acb8aa186da2,val,1,0.990838348865509,0.029312124475836754,8.152036379271976e-09,0.07585790753364563,0.014426806010305882
9cad011b7545c380,val,1,0.731555163860321,6.144151029729983e-06,2.9023121896898374e-06,0.01798621006309986,0.007698530331254005
b69bad3b262ab919,val,0,0.0011500113178044558,0.00020342697098385543,7.48462334740907e-05,1.8553875236193562e-07,0.40373122692108154
65baf9432c30780b,val,1,0.9676901698112488,0.010986901819705963,2.561292149039218e-06,0.01798621006309986,0.023120172321796417
df6beb81b6346be1,val,1,1.0,8.939696272136644e-06,0.03732675313949585,8.315264494740404e-07,0.7407464385032654
738525d6f75bab0e,val,0,1.1434769476181827e-05,0.0011695101857185364,4.139953446724576e-08,0.000552778597921133,0.01892649382352829
d8d3a54c40eb9a9e,val,0,0.9668108820915222,0.0004305570910219103,0.18242551386356354,0.02931223064661026,0.7822493314743042
2bc6aeb18c89a689,val,1,0.9972851276397705,6.144174221844878e-06,1.4449884133682644e-07,0.9046502113342285,0.8784455060958862
6969c7cc760d123f,val,1,0.4364573061466217,2.7535692424862646e-05,2.2159573731528326e-08,2.7535692424862646e-05,0.9933752417564392
db121e1303fa61e9,val,1,0.9999595880508423,1.3709598079003626e-06,1.6701422282494605e-05,2.2603198885917664e-06,0.9974861145019531
290ded80697f8f04,val,1,0.9999791383743286,0.0019267346942797303,0.9399129152297974,0.01798621006309986,0.9992710947990417
7fbbb55599b22f22,val,0,0.0008948419708758593,0.004070138093084097,0.11920291930437088,0.0031726830638945103,0.11932560801506042
ce24d172bccaf73e,val,1,0.9988402724266052,5.829126530443318e-05,9.931230948723169e-08,0.18242496252059937,0.7788081765174866
bd06f03c580350c7,val,1,0.047450751066207886,0.004070222843438387,1.344043543127782e-08,0.07585790753364563,0.028725693002343178
1e87211ff336b07d,val,0,0.23363097012043,0.004070138093084097,2.699593437682779e-07,0.0024726232513785362,0.015582921914756298
063ed1a9584a98c9,val,1,0.7435160875320435,0.0031726830638945103,1.5535125612586853e-06,0.006692876573652029,0.9363036155700684
fdb17decf44966f5,val,0,0.9898489117622375,0.9399129152297974,0.9525739550590515,0.0019267273601144552,0.11750498414039612
4c44a3d591feb6af,val,0,2.901684426591389e-13,0.3775397837162018,9.422481639376201e-07,2.144503014278598e-05,0.9461222290992737
a6f42c773ab7b6cc,val,0,1.1857242498081177e-05,0.0004305587208364159,3.4663329984141455e-07,0.14804719388484955,0.003934935200959444
d81f254025a608a1,val,0,0.00022884180361870676,0.00033535141847096384,2.6995778057425923e-07,0.0024726232513785362,0.11221881955862045
f0c281b32933a705,val,0,3.4219465305795893e-06,0.0009110512328334153,9.237484555058018e-09,0.0031726830638945103,0.0010245991870760918
5efab7b1cd3cd9e7,val,0,3.480960941715239e-08,0.22269947826862335,1.670148594712373e-05,0.02931223064661026,0.9885091185569763
1a8394f771b4a6ef,val,0,0.0034685784485191107,0.0024726232513785362,9.736275119465176e-10,0.00033535013790242374,0.2976621091365814
f28c93d9ae8ee83b,val,0,0.8951364159584045,4.7850949158601e-06,6.023584830927575e-08,0.00012339458044152707,0.4329797625541687
facc070d4eaaee85,val,0,1.6138268392751343e-06,3.535625000949949e-05,1.3440486945626162e-08,2.7535692424862646e-05,0.2659100890159607
e0a4c9402a4f6b24,val,1,0.9969377517700195,5.602796449011294e-09,6.825602838489431e-08,2.8453294831365383e-08,0.583078920841217
c4b39a8ded403d2a,val,0,3.7532286114583258e-06,0.0009110547252930701,8.31532759093534e-07,0.01098694372922182,0.21498706936836243
f0ea247b0e56c9ba,val,0,1.512650442236918e-06,0.43782350420951843,7.734465157227532e-08,0.01098694372922182,0.5452383160591125
